ID,Label,Date,Time,Side Sampled,Tree Tag,Site,Sample Type,Sample Type II,Species,DBH,HD,dD,GB,dO,Method,RPM,MPa,Flag,Duration (s),Time (s),Time (Min),Falcon tube + Water (g),Falcon tube weight (g),Extracted Water (g),Number Spin,Weight of Vial (g),Weight of Sample,Weight of Vial and Sample,Notes
5569,14:53 north node 1/25/20,1/25/2020,14:53,North,HJ1,Rivendell,Tree,Tree core,NODE,,593,-64.4,761,-8.77,Cryo,,,0,,,,,,,,,,,
5563,14:57 west node 1/25/20,1/25/2020,14:57,West,HJ1,Rivendell,Tree,Tree core,NODE,,593,-65.2,761,-8.96,Cryo,,,0,,,,,,,,,,,
5568,6/12/20 12:20 619 WEST,6/12/2020,12:20,West,619,Rivendell,Tree,Tree core,PSME,101.8,593,-67.4,761,-8.42,Cryo,,,0,,,,,,,,,,,
5561,6/12/20 12:25 619 EAST PSME,6/12/2020,12:25,East,619,Rivendell,Tree,Tree core,PSME,101.8,593,-86.8,761,-11.28,Cryo,,,0,,,,,,,,,,,
5591,14:59 east node 1/25/20,1/25/2020,14:59,East,HJ1,Rivendell,Tree,Tree core,NODE,,595,-85,762,-11.49,Cryo,,,0,,,,,,,,,,,
5588,15:01 south node 1/25/20,1/25/2020,15:01,South,HJ1,Rivendell,Tree,Tree core,NODE,,595,-93.5,762,-13.6,Cryo,,,0,,,,,,,,,,,
5583,6/12/20 12:23 619 north,6/12/2020,12:23,North,619,Rivendell,Tree,Tree core,PSME,101.8,595,-57,762,-6.52,Cryo,,,0,,,,,,,,,,,
5586,6/12/20 12:20 619 south,6/12/2020,12:20,South,619,Rivendell,Tree,Tree core,PSME,101.8,595,-71.4,762,-8.15,Cryo,,,0,,,,,,,,,,,
5603,6/28/20 12:22 619 SOUTH HJ,6/28/2020,12:22,South,619,Rivendell,Tree,Tree core,PSME,101.8,595,-57.7,762,-6.61,Cryo,,,0,,,,,,,,,,,
5600,700 WEST 6/28/20 13:07,6/28/2020,13:07,West,700,Rivendell,Tree,Tree core,PSME,112.8,595,-66.2,762,-7.75,Cryo,,,0,,,,,,,,,,,
5598,6/28/20 12:50 HJ1 NODE SOUTH,6/28/2020,12:50,South,HJ1,Rivendell,Tree,Tree core,NODE,,595,-60.9,762,-7.77,Cryo,,,0,,,,,,,,,,,
5593,6/28/20 HJ1 12:44 NORTH,6/28/2020,12:44,North,HJ1,Rivendell,Tree,Tree core,NODE,,595,-65.8,762,-8.29,Cryo,,,0,,,,,,,,,,,
5592,6/28/20 13:11 700 NORTH,6/28/2020,13:11,North,700,Rivendell,Tree,Tree core,PSME,112.8,595,-73.9,762,-8.63,Cryo,,,0,,,,,,,,,,,
5604,700 EAST 6/28/20 13:13,6/28/2020,13:13,East,700,Rivendell,Tree,Tree core,PSME,112.8,595,-72,762,-8.9,Cryo,,,0,,,,,,,,,,,
5607,619 WEST 6/28/20 12:26,6/28/2020,12:26,West,619,Rivendell,Tree,Tree core,PSME,101.8,595,-85.8,762,-10.35,Cryo,,,0,,,,,,,,,,,
5599,700 SOUTH 6/28/20 13:04,6/28/2020,13:04,South,700,Rivendell,Tree,Tree core,PSME,112.8,595,-81.7,762,-10.95,Cryo,,,0,,,,,,,,,,,
5596,6/28/20 12:47 HJ1 NODE EAST,6/28/2020,12:47,East,HJ1,Rivendell,Tree,Tree core,NODE,,595,-82.2,762,-10.97,Cryo,,,0,,,,,,,,,,,
5594,6/28/20 12:52 HJ1 NODE WEST,6/28/2020,12:52,West,HJ1,Rivendell,Tree,Tree core,NODE,,595,-83.7,762,-11.16,Cryo,,,0,,,,,,,,,,,
5606,6/28/20 12:28 619 HJ NORTH,6/28/2020,12:28,North,619,Rivendell,Tree,Tree core,NODE,101.8,595,-92.7,762,-12.38,Cryo,,,0,,,,,,,,,,,
5602,6/28/20 12:32 619 EAST HJ,6/28/2020,12:32,East,619,Rivendell,Tree,Tree core,PSME,101.8,595,-95.4,762,-13.19,Cryo,,,0,,,,,,,,,,,
5723,7/26/20 11:05 619 WEST PSME,7/26/2020,11:05,West,619,Rivendell,Tree,Tree core,PSME,101.8,598,-43.7,765,-7.28,Cryo,,,1,,,,,,,,,,,
5737,7/26/20 11:11 619 PSME EAST,7/26/2020,11:11,East,619,Rivendell,Tree,Tree core,PSME,101.8,598,-45.6,765,-7.7,Cryo,,,1,,,,,,,,,,,
5724,7/26/20 11:25 700 PSME NORTH,7/26/2020,11:25,North,700,Rivendell,Tree,Tree core,PSME,112.8,598,-48.3,765,-7.92,Cryo,,,1,,,,,,,,,,,
5736,7/26/20 11:01 619 PSME SOUTH,7/26/2020,11:01,South,619,Rivendell,Tree,Tree core,PSME,101.8,598,-46.9,765,-8,Cryo,,,1,,,,,,,,,,,
5725,7/26/20 11:21 700 WEST PSME,7/26/2020,11:21,West,700,Rivendell,Tree,Tree core,PSME,112.8,598,-45.7,765,-8.05,Cryo,,,1,,,,,,,,,,,
5741,7/26/20 11:53 HJ1 NODE SOUTH,7/26/2020,11:53,South,HJ1,Rivendell,Tree,Tree core,NODE,,598,-43.1,765,-8.13,Cryo,,,1,,,,,,,,,,,
5731,7/26/20 11:49 HJ1 EAST NODE,7/26/2020,11:49,East,HJ1,Rivendell,Tree,Tree core,NODE,,598,-46,765,-8.38,Cryo,,,1,,,,,,,,,,,
5734,7/26/20 11:08 619 PSME NORTH,7/26/2020,11:08,North,619,Rivendell,Tree,Tree core,PSME,101.8,598,-47.1,765,-8.41,Cryo,,,1,,,,,,,,,,,
5726,7/26/20 11:28 700 PSME EAST,7/26/2020,11:28,East,700,Rivendell,Tree,Tree core,PSME,112.8,598,-45.8,765,-9.51,Cryo,,,1,,,,,,,,,,,
5740,7/26/20 11:42 HJ1 NODE WEST,7/26/2020,11:42,West,HJ1,Rivendell,Tree,Tree core,NODE,,598,-47.8,765,-9.62,Cryo,,,1,,,,,,,,,,,
5732,7/26/20 11:17 700 PSME SOUTH,7/26/2020,11:17,South,700,Rivendell,Tree,Tree core,PSME,112.8,598,-45.8,765,-12.01,Cryo,,,1,,,,,,,,,,,
5727,7/26/20 11:46 HJ1 NODE NORTH,7/26/2020,11:46,North,HJ1,Rivendell,Tree,Tree core,NODE,,598,-45.9,765,-12.49,Cryo,,,1,,,,,,,,,,,
6001,700 PSME 8/30/20 12:03 EAST,8/30/2020,12:03,East,700,Rivendell,Tree,Tree core,PSME,112.8,602,-56.6,769,-6.95,Cryo,,,0,,,,,,,,,,,
6005,619 PSME 8/30/20 11:22 SOUTH,8/30/2020,11:22,South,619,Rivendell,Tree,Tree core,PSME,101.8,602,-67,769,-7.67,Cryo,,,0,,,,,,,,,,,
6009,700 PSME 8/30/20 12:00 NORTH,8/30/2020,12:00,North,700,Rivendell,Tree,Tree core,PSME,112.8,602,-68.2,769,-7.93,Cryo,,,0,,,,,,,,,,,
6004,619 PSME 8/30/20 11:25 WEST,8/30/2020,11:25,West,619,Rivendell,Tree,Tree core,PSME,101.8,602,-66.9,769,-7.97,Cryo,,,0,,,,,,,,,,,
6003,619 PSME 8/30/20 11:31 EAST,8/30/2020,11:31,East,619,Rivendell,Tree,Tree core,PSME,101.8,602,-66.1,769,-8.07,Cryo,,,0,,,,,,,,,,,
6006,HJ1 NODE 8/30/20 10:52 WEST,8/30/2020,10:52,West,HJ1,Rivendell,Tree,Tree core,NODE,,602,-65.8,769,-8.12,Cryo,,,0,,,,,,,,,,,
6007,619 PSME 8/30/20 11:27 NORTH,8/30/2020,11:28,North,619,Rivendell,Tree,Tree core,PSME,101.8,602,-71.4,769,-8.14,Cryo,,,0,,,,,,,,,,,
5999,700 PSME 8/30/20 11:57 WEST,8/30/2020,11:57,West,700,Rivendell,Tree,Tree core,PSME,112.8,602,-65,769,-8.22,Cryo,,,0,,,,,,,,,,,
6008,HJ1 NODE 8/30/20 10:57 EAST,8/30/2020,10:57,East,HJ1,Rivendell,Tree,Tree core,NODE,,602,-68,769,-8.4,Cryo,,,0,,,,,,,,,,,
6000,HJ1 NODE 8/30/20 11:00 SOUTH,8/30/2020,11:00,South,HJ1,Rivendell,Tree,Tree core,NODE,,602,-67.3,769,-9,Cryo,,,0,,,,,,,,,,,
5998,HJ1 NODE 8/30/20 10:55 NORTH,8/30/2020,10:55,North,HJ1,Rivendell,Tree,Tree core,NODE,,602,-67.4,769,-9.09,Cryo,,,0,,,,,,,,,,,
6002,700 PSME 8/30/20 11:55 SOUTH,8/30/2020,11:55,South,700,Rivendell,Tree,Tree core,PSME,112.8,602,-77.3,769,-9.6,Cryo,,,0,,,,,,,,,,,
6016,9/20/20 13:02 700 PSME EAST,9/20/2020,13:02,East,700,Rivendell,Tree,Tree core,PSME,112.8,602,-61.2,769,-7.33,Cryo,,,0,,,,,,,,,,,
6017,619 9/20/20 10:53 HJ PSME WEST,9/20/2020,10:53,West,619,Rivendell,Tree,Tree core,PSME,101.8,602,-60.9,769,-7.78,Cryo,,,0,,,,,,,,,,,
6010,9/20/20 10:49 619 PSME SOUTH,9/20/2020,10:49,South,619,Rivendell,Tree,Tree core,PSME,101.8,602,-65.4,769,-7.96,Cryo,,,0,,,,,,,,,,,
6012,9/20/20 10:56 619 NORTH PSME,9/20/2020,10:56,North,619,Rivendell,Tree,Tree core,PSME,101.8,602,-70.7,769,-7.97,Cryo,,,0,,,,,,,,,,,
6019,9/20/20 12:59 700 PSME NORTH,9/20/2020,12:59,North,700,Rivendell,Tree,Tree core,PSME,112.8,602,-61.2,769,-7.99,Cryo,,,0,,,,,,,,,,,
6014,9/20/20 13:18 HJ1 NODE WEST,9/20/2020,13:18,West,HJ1,Rivendell,Tree,Tree core,NODE,,602,-67.1,769,-8.53,Cryo,,,0,,,,,,,,,,,
6029,9/20/20 13:25 HJ1 NODE EAST,9/20/2020,13:25,East,HJ1,Rivendell,Tree,Tree core,NODE,,602,-66,769,-8.62,Cryo,,,0,,,,,,,,,,,
6021,9/20/20 12:57 700 PSME West,9/20/2020,12:57,West,700,Rivendell,Tree,Tree core,PSME,112.8,602,-68.7,769,-8.64,Cryo,,,0,,,,,,,,,,,
6022,9/20/20 HJ1 13:22 NODE NORTH,9/20/2020,13:22,North,HJ1,Rivendell,Tree,Tree core,NODE,,602,-65,769,-8.69,Cryo,,,0,,,,,,,,,,,
6025,9/20/20 13:28 HJ1 SOUTH NODE,9/20/2020,13:28,South,HJ1,Rivendell,Tree,Tree core,NODE,,602,-67.2,769,-8.98,Cryo,,,0,,,,,,,,,,,
6018,9/20/20 10:59 619 PSME EAST,9/20/2020,10:59,East,619,Rivendell,Tree,Tree core,PSME,101.8,602,-75.6,769,-9.39,Cryo,,,0,,,,,,,,,,,
6020,9/20/20 12:54 700 PSME SOUTH,9/20/2020,12:54,South,700,Rivendell,Tree,Tree core,PSME,112.8,602,-78,769,-9.71,Cryo,,,0,,,,,,,,,,,
7299,9/28/21 13:35 714 PSME E CORE HJ,9/28/2021,13:35,East,714,Rivendell,Tree,Tree core,PSME,59.2,637,-29.4,805,-4.63,Cen,5160,-2.5,0,1800,0,0,6.6188,6.6188,0,0,1.1676,0.6075,1.7751,
7299,9/28/21 13:35 714 PSME E CORE HJ,9/28/2021,13:35,East,714,Rivendell,Tree,Tree core,PSME,59.2,637,-29.4,805,-4.63,Cen,5160,-2.5,0,1800,1800,30,6.7025,6.6188,0.0837,1,1.1676,0.6075,1.7751,
7299,9/28/21 13:35 714 PSME E CORE HJ,9/28/2021,13:35,East,714,Rivendell,Tree,Tree core,PSME,59.2,637,-29.4,805,-4.63,Cen,5160,-2.5,0,1800,3600,60,6.7104,6.6188,0.0916,2,1.1676,0.6075,1.7751,
7299,9/28/21 13:35 714 PSME E CORE HJ,9/28/2021,13:35,East,714,Rivendell,Tree,Tree core,PSME,59.2,637,-29.4,805,-4.63,Cen,5160,-2.5,0,1800,5400,90,6.7122,6.6188,0.0934,3,1.1676,0.6075,1.7751,
7299,9/28/21 13:35 714 PSME E CORE HJ,9/28/2021,13:35,East,714,Rivendell,Tree,Tree core,PSME,59.2,637,-29.4,805,-4.63,Cen,5160,-2.5,0,1800,7200,120,6.7166,6.6188,0.0978,4,1.1676,0.6075,1.7751,
7299,9/28/21 13:35 714 PSME E CORE HJ,9/28/2021,13:35,East,714,Rivendell,Tree,Tree core,PSME,59.2,637,-29.4,805,-4.63,Cen,5160,-2.5,0,1800,9000,150,6.7422,6.6188,0.1234,5,1.1676,0.6075,1.7751,
7306,619 9/28/21 14:50 PSME S CORE HJ,9/28/2021,14:50,South,619,Rivendell,Tree,Tree core,PSME,101.8,637,-48.7,805,-5.34,Cen,5160,-2.5,0,1800,0,0,6.6285,6.6285,0,0,1.0996,0.6814,1.781,
7306,619 9/28/21 14:50 PSME S CORE HJ,9/28/2021,14:50,South,619,Rivendell,Tree,Tree core,PSME,101.8,637,-48.7,805,-5.34,Cen,5160,-2.5,0,1800,1800,30,6.6857,6.6285,0.0572,1,1.0996,0.6814,1.781,
7306,619 9/28/21 14:50 PSME S CORE HJ,9/28/2021,14:50,South,619,Rivendell,Tree,Tree core,PSME,101.8,637,-48.7,805,-5.34,Cen,5160,-2.5,0,1800,3600,60,6.7048,6.6285,0.0763,2,1.0996,0.6814,1.781,
7306,619 9/28/21 14:50 PSME S CORE HJ,9/28/2021,14:50,South,619,Rivendell,Tree,Tree core,PSME,101.8,637,-48.7,805,-5.34,Cen,5160,-2.5,0,1800,5400,90,6.7067,6.6285,0.0782,3,1.0996,0.6814,1.781,
7306,619 9/28/21 14:50 PSME S CORE HJ,9/28/2021,14:50,South,619,Rivendell,Tree,Tree core,PSME,101.8,637,-48.7,805,-5.34,Cen,5160,-2.5,0,1800,7200,120,6.7094,6.6285,0.0809,4,1.0996,0.6814,1.781,
7306,619 9/28/21 14:50 PSME S CORE HJ,9/28/2021,14:50,South,619,Rivendell,Tree,Tree core,PSME,101.8,637,-48.7,805,-5.34,Cen,5160,-2.5,0,1800,9000,150,6.7104,6.6285,0.0819,5,1.0996,0.6814,1.781,
7299,9/28/21 13:35 714 PSME E CORE HJ,9/28/2021,13:35,East,714,Rivendell,Tree,Tree core,PSME,59.2,637,-50.8,805,-5.36,CenCryo,5160,-2.5,0,1800,9000,150,6.7422,6.6188,0.1234,5,1.1676,0.6075,1.7751,
7302,9/28/21 13:37 714 PSME S CORE HJ,9/28/2021,13:37,South,714,Rivendell,Tree,Tree core,PSME,59.2,637,-28.3,805,-5.5,Cen,5160,-2.5,0,1800,0,0,6.6221,6.6221,0,0,1.1003,0.8145,1.9148,
7302,9/28/21 13:37 714 PSME S CORE HJ,9/28/2021,13:37,South,714,Rivendell,Tree,Tree core,PSME,59.2,637,-28.3,805,-5.5,Cen,5160,-2.5,0,1800,1800,30,6.7581,6.6221,0.136,1,1.1003,0.8145,1.9148,
7302,9/28/21 13:37 714 PSME S CORE HJ,9/28/2021,13:37,South,714,Rivendell,Tree,Tree core,PSME,59.2,637,-28.3,805,-5.5,Cen,5160,-2.5,0,1800,3600,60,6.7851,6.6221,0.163,2,1.1003,0.8145,1.9148,
7302,9/28/21 13:37 714 PSME S CORE HJ,9/28/2021,13:37,South,714,Rivendell,Tree,Tree core,PSME,59.2,637,-28.3,805,-5.5,Cen,5160,-2.5,0,1800,5400,90,6.7889,6.6221,0.1668,3,1.1003,0.8145,1.9148,
7302,9/28/21 13:37 714 PSME S CORE HJ,9/28/2021,13:37,South,714,Rivendell,Tree,Tree core,PSME,59.2,637,-28.3,805,-5.5,Cen,5160,-2.5,0,1800,7200,120,6.7927,6.6221,0.1706,4,1.1003,0.8145,1.9148,
7302,9/28/21 13:37 714 PSME S CORE HJ,9/28/2021,13:37,South,714,Rivendell,Tree,Tree core,PSME,59.2,637,-28.3,805,-5.5,Cen,5160,-2.5,0,1800,9000,150,6.7923,6.6221,0.1702,5,1.1003,0.8145,1.9148,
7303,9/28/21 15:07 619 PSME E CORE HJ,9/28/2021,15:07,East,619,Rivendell,Tree,Tree core,PSME,101.8,637,-56.6,805,-5.5,Cen,5160,-2.5,0,1800,0,0,6.6378,6.6378,0,0,1.1098,0.6935,1.8033,
7303,9/28/21 15:07 619 PSME E CORE HJ,9/28/2021,15:07,East,619,Rivendell,Tree,Tree core,PSME,101.8,637,-56.6,805,-5.5,Cen,5160,-2.5,0,1800,1800,30,6.7827,6.6378,0.1449,1,1.1098,0.6935,1.8033,
7303,9/28/21 15:07 619 PSME E CORE HJ,9/28/2021,15:07,East,619,Rivendell,Tree,Tree core,PSME,101.8,637,-56.6,805,-5.5,Cen,5160,-2.5,0,1800,3600,60,6.7941,6.6378,0.1563,2,1.1098,0.6935,1.8033,
7303,9/28/21 15:07 619 PSME E CORE HJ,9/28/2021,15:07,East,619,Rivendell,Tree,Tree core,PSME,101.8,637,-56.6,805,-5.5,Cen,5160,-2.5,0,1800,5400,90,6.8038,6.6378,0.166,3,1.1098,0.6935,1.8033,
7303,9/28/21 15:07 619 PSME E CORE HJ,9/28/2021,15:07,East,619,Rivendell,Tree,Tree core,PSME,101.8,637,-56.6,805,-5.5,Cen,5160,-2.5,0,1800,7200,120,6.8036,6.6378,0.1658,4,1.1098,0.6935,1.8033,
7303,9/28/21 15:07 619 PSME E CORE HJ,9/28/2021,15:07,East,619,Rivendell,Tree,Tree core,PSME,101.8,637,-56.6,805,-5.5,Cen,5160,-2.5,0,1800,9000,150,6.8031,6.6378,0.1653,5,1.1098,0.6935,1.8033,
7305,9/28/21 15:04 619 PSME N CORE HJ,9/28/2021,15:04,North,619,Rivendell,Tree,Tree core,PSME,101.8,637,-65.7,805,-5.57,Cryo,,,0,,,,,,,,,,,
7299,9/28/21 13:35 714 PSME E CORE HJ,9/28/2021,13:35,East,714,Rivendell,Tree,Tree core,PSME,59.2,637,-41.8,805,-5.58,Cryo,,,0,,,,,,,,,,,
7301,9/28/21 13:42 714 PSME N CORE HJ,9/28/2021,13:42,North,714,Rivendell,Tree,Tree core,PSME,59.2,637,-52.5,805,-5.66,CenCryo,5160,-2.5,0,1800,9000,150,6.7008,6.6372,0.0636,5,1.1051,0.6947,1.7998,
7302,9/28/21 13:37 714 PSME S CORE HJ,9/28/2021,13:37,South,714,Rivendell,Tree,Tree core,PSME,59.2,637,-38.5,805,-5.7,Cryo,,,0,,,,,,,,,,,
7302,9/28/21 13:37 714 PSME S CORE HJ,9/28/2021,13:37,South,714,Rivendell,Tree,Tree core,PSME,59.2,637,-47.7,805,-5.72,CenCryo,5160,-2.5,0,1800,9000,150,6.7923,6.6221,0.1702,5,1.1003,0.8145,1.9148,
7306,619 9/28/21 14:50 PSME S CORE HJ,9/28/2021,14:50,South,619,Rivendell,Tree,Tree core,PSME,101.8,637,-56.2,805,-5.72,Cryo,,,0,,,,,,,,,,,
7306,619 9/28/21 14:50 PSME S CORE HJ,9/28/2021,14:50,South,619,Rivendell,Tree,Tree core,PSME,101.8,637,-58.4,805,-5.88,CenCryo,5160,-2.5,0,1800,9000,150,6.7104,6.6285,0.0819,5,1.0996,0.6814,1.781,
7304,9/28/21 15:01 619 PSME W CORE HJ,9/28/2021,15:01,West,619,Rivendell,Tree,Tree core,PSME,101.8,637,-65.1,805,-5.88,Cryo,,,0,,,,,,,,,,,
7304,9/28/21 15:01 619 PSME W CORE HJ,9/28/2021,15:01,West,619,Rivendell,Tree,Tree core,PSME,101.8,637,-57.6,805,-5.91,Cen,5160,-2.5,0,1800,0,0,6.6359,6.6359,0,0,1.0991,0.5804,1.6795,
7304,9/28/21 15:01 619 PSME W CORE HJ,9/28/2021,15:01,West,619,Rivendell,Tree,Tree core,PSME,101.8,637,-57.6,805,-5.91,Cen,5160,-2.5,0,1800,1800,30,6.7344,6.6359,0.0985,1,1.0991,0.5804,1.6795,
7304,9/28/21 15:01 619 PSME W CORE HJ,9/28/2021,15:01,West,619,Rivendell,Tree,Tree core,PSME,101.8,637,-57.6,805,-5.91,Cen,5160,-2.5,0,1800,3600,60,6.7615,6.6359,0.1256,2,1.0991,0.5804,1.6795,
7304,9/28/21 15:01 619 PSME W CORE HJ,9/28/2021,15:01,West,619,Rivendell,Tree,Tree core,PSME,101.8,637,-57.6,805,-5.91,Cen,5160,-2.5,0,1800,5400,90,6.7612,6.6359,0.1253,3,1.0991,0.5804,1.6795,
7304,9/28/21 15:01 619 PSME W CORE HJ,9/28/2021,15:01,West,619,Rivendell,Tree,Tree core,PSME,101.8,637,-57.6,805,-5.91,Cen,5160,-2.5,0,1800,7200,120,6.7664,6.6359,0.1305,4,1.0991,0.5804,1.6795,
7304,9/28/21 15:01 619 PSME W CORE HJ,9/28/2021,15:01,West,619,Rivendell,Tree,Tree core,PSME,101.8,637,-57.6,805,-5.91,Cen,5160,-2.5,0,1800,9000,150,6.7662,6.6359,0.1303,5,1.0991,0.5804,1.6795,
7305,9/28/21 15:04 619 PSME N CORE HJ,9/28/2021,15:04,North,619,Rivendell,Tree,Tree core,PSME,101.8,637,-59.1,805,-6.03,CenCryo,5160,-2.5,0,1800,9000,150,6.7372,6.6593,0.0779,5,1.0978,0.5047,1.6025,
7305,9/28/21 15:04 619 PSME N CORE HJ,9/28/2021,15:04,North,619,Rivendell,Tree,Tree core,PSME,101.8,637,-31.9,805,-6.11,Cen,5160,-2.5,0,1800,0,0,6.6593,6.6593,0,0,1.0978,0.5047,1.6025,
7305,9/28/21 15:04 619 PSME N CORE HJ,9/28/2021,15:04,North,619,Rivendell,Tree,Tree core,PSME,101.8,637,-31.9,805,-6.11,Cen,5160,-2.5,0,1800,1800,30,6.7216,6.6593,0.0623,1,1.0978,0.5047,1.6025,
7305,9/28/21 15:04 619 PSME N CORE HJ,9/28/2021,15:04,North,619,Rivendell,Tree,Tree core,PSME,101.8,637,-31.9,805,-6.11,Cen,5160,-2.5,0,1800,3600,60,6.738,6.6593,0.0787,2,1.0978,0.5047,1.6025,
7305,9/28/21 15:04 619 PSME N CORE HJ,9/28/2021,15:04,North,619,Rivendell,Tree,Tree core,PSME,101.8,637,-31.9,805,-6.11,Cen,5160,-2.5,0,1800,5400,90,6.7376,6.6593,0.0783,3,1.0978,0.5047,1.6025,
7305,9/28/21 15:04 619 PSME N CORE HJ,9/28/2021,15:04,North,619,Rivendell,Tree,Tree core,PSME,101.8,637,-31.9,805,-6.11,Cen,5160,-2.5,0,1800,7200,120,6.7367,6.6593,0.0774,4,1.0978,0.5047,1.6025,
7305,9/28/21 15:04 619 PSME N CORE HJ,9/28/2021,15:04,North,619,Rivendell,Tree,Tree core,PSME,101.8,637,-31.9,805,-6.11,Cen,5160,-2.5,0,1800,9000,150,6.7372,6.6593,0.0779,5,1.0978,0.5047,1.6025,
7300,9/28/21 13:40 714 PSME W CORE HJ,9/28/2021,13:40,West,714,Rivendell,Tree,Tree core,PSME,59.2,637,-58.9,805,-6.3,CenCryo,5160,-2.5,0,1800,9000,150,6.6237,6.621,0.0027,5,1.0997,0.5202,1.6199,
7301,9/28/21 13:42 714 PSME N CORE HJ,9/28/2021,13:42,North,714,Rivendell,Tree,Tree core,PSME,59.2,637,-54.5,805,-6.38,Cryo,,,0,,,,,,,,,,,
7303,9/28/21 15:07 619 PSME E CORE HJ,9/28/2021,15:07,East,619,Rivendell,Tree,Tree core,PSME,101.8,637,-60.3,805,-6.48,CenCryo,5160,-2.5,0,1800,9000,150,6.8031,6.6378,0.1653,5,1.1098,0.6935,1.8033,
7304,9/28/21 15:01 619 PSME W CORE HJ,9/28/2021,15:01,West,619,Rivendell,Tree,Tree core,PSME,101.8,637,-59.6,805,-6.72,CenCryo,5160,-2.5,0,1800,9000,150,6.7662,6.6359,0.1303,5,1.0991,0.5804,1.6795,
7300,9/28/21 13:40 714 PSME W CORE HJ,9/28/2021,13:40,West,714,Rivendell,Tree,Tree core,PSME,59.2,637,-50,805,-6.73,Cryo,,,0,,,,,,,,,,,
7301,9/28/21 13:42 714 PSME N CORE HJ,9/28/2021,13:42,North,714,Rivendell,Tree,Tree core,PSME,59.2,637,-30.4,805,-7.55,Cen,5160,-2.5,0,1800,0,0,6.6372,6.6372,0,0,1.1051,0.6947,1.7998,
7301,9/28/21 13:42 714 PSME N CORE HJ,9/28/2021,13:42,North,714,Rivendell,Tree,Tree core,PSME,59.2,637,-30.4,805,-7.55,Cen,5160,-2.5,0,1800,1800,30,6.676,6.6372,0.0388,1,1.1051,0.6947,1.7998,
7301,9/28/21 13:42 714 PSME N CORE HJ,9/28/2021,13:42,North,714,Rivendell,Tree,Tree core,PSME,59.2,637,-30.4,805,-7.55,Cen,5160,-2.5,0,1800,3600,60,6.6877,6.6372,0.0505,2,1.1051,0.6947,1.7998,
7301,9/28/21 13:42 714 PSME N CORE HJ,9/28/2021,13:42,North,714,Rivendell,Tree,Tree core,PSME,59.2,637,-30.4,805,-7.55,Cen,5160,-2.5,0,1800,5400,90,6.6878,6.6372,0.0506,3,1.1051,0.6947,1.7998,
7301,9/28/21 13:42 714 PSME N CORE HJ,9/28/2021,13:42,North,714,Rivendell,Tree,Tree core,PSME,59.2,637,-30.4,805,-7.55,Cen,5160,-2.5,0,1800,7200,120,6.6963,6.6372,0.0591,4,1.1051,0.6947,1.7998,
7301,9/28/21 13:42 714 PSME N CORE HJ,9/28/2021,13:42,North,714,Rivendell,Tree,Tree core,PSME,59.2,637,-30.4,805,-7.55,Cen,5160,-2.5,0,1800,9000,150,6.7008,6.6372,0.0636,5,1.1051,0.6947,1.7998,
7285,10/16/21 14:48 NORTH PSME 714,10/16/2021,14:48,North,714,Rivendell,Tree,Tree core,PSME,59.2,637,-22,805,-2.23,Cen,5160,-2.5,0,1800,0,0,6.7224,6.7224,0,0,1.2016,0.658,1.8596,
7285,10/16/21 14:48 NORTH PSME 714,10/16/2021,14:48,North,714,Rivendell,Tree,Tree core,PSME,59.2,637,-22,805,-2.23,Cen,5160,-2.5,0,1800,1800,30,6.7511,6.7224,0.0287,1,1.2016,0.658,1.8596,
7285,10/16/21 14:48 NORTH PSME 714,10/16/2021,14:48,North,714,Rivendell,Tree,Tree core,PSME,59.2,637,-22,805,-2.23,Cen,5160,-2.5,0,1800,3600,60,6.757,6.7224,0.0346,2,1.2016,0.658,1.8596,
7285,10/16/21 14:48 NORTH PSME 714,10/16/2021,14:48,North,714,Rivendell,Tree,Tree core,PSME,59.2,637,-22,805,-2.23,Cen,5160,-2.5,0,1800,5400,90,6.7599,6.7224,0.0375,3,1.2016,0.658,1.8596,
7285,10/16/21 14:48 NORTH PSME 714,10/16/2021,14:48,North,714,Rivendell,Tree,Tree core,PSME,59.2,637,-22,805,-2.23,Cen,5160,-2.5,0,1800,7200,120,6.7695,6.7224,0.0471,4,1.2016,0.658,1.8596,
7285,10/16/21 14:48 NORTH PSME 714,10/16/2021,14:48,North,714,Rivendell,Tree,Tree core,PSME,59.2,637,-22,805,-2.23,Cen,5160,-2.5,0,1800,9000,150,6.7666,6.7224,0.0442,5,1.2016,0.658,1.8596,
7280,10/16/21 15:24 64 PSME East HJ,10/16/2021,15:24,East,64,Rivendell,Tree,Tree core,PSME,70.7,637,-30,805,-2.77,Cen,5150,-2.5,0,,120,,,,,,,,,
7283,14:44 10/16/21 EAST PSME 714,10/16/2021,14:44,East,714,Rivendell,Tree,Tree core,PSME,59.2,637,-23.3,805,-3.52,Cen,5160,-2.5,0,1800,0,0,6.6805,6.6805,0,0,1.1854,0.6023,1.7877,
7283,14:44 10/16/21 EAST PSME 714,10/16/2021,14:44,East,714,Rivendell,Tree,Tree core,PSME,59.2,637,-23.3,805,-3.52,Cen,5160,-2.5,0,1800,1800,30,6.7733,6.6805,0.0928,1,1.1854,0.6023,1.7877,
7283,14:44 10/16/21 EAST PSME 714,10/16/2021,14:44,East,714,Rivendell,Tree,Tree core,PSME,59.2,637,-23.3,805,-3.52,Cen,5160,-2.5,0,1800,3600,60,6.7568,6.6805,0.0763,2,1.1854,0.6023,1.7877,
7283,14:44 10/16/21 EAST PSME 714,10/16/2021,14:44,East,714,Rivendell,Tree,Tree core,PSME,59.2,637,-23.3,805,-3.52,Cen,5160,-2.5,0,1800,5400,90,6.7654,6.6805,0.0849,3,1.1854,0.6023,1.7877,
7283,14:44 10/16/21 EAST PSME 714,10/16/2021,14:44,East,714,Rivendell,Tree,Tree core,PSME,59.2,637,-23.3,805,-3.52,Cen,5160,-2.5,0,1800,7200,120,6.7686,6.6805,0.0881,4,1.1854,0.6023,1.7877,
7283,14:44 10/16/21 EAST PSME 714,10/16/2021,14:44,East,714,Rivendell,Tree,Tree core,PSME,59.2,637,-23.3,805,-3.52,Cen,5160,-2.5,0,1800,9000,150,6.77,6.6805,0.0895,5,1.1854,0.6023,1.7877,
7291,15:49 710 PSME 10/16/21 EAST,10/16/2021,15:49,East,710,Rivendell,Tree,Tree core,PSME,106.6,637,-28.3,805,-3.74,Cen,5160,-2.5,0,1800,0,0,6.7522,6.7522,0,0,1.1753,0.5812,1.7565,
7291,15:49 710 PSME 10/16/21 EAST,10/16/2021,15:49,East,710,Rivendell,Tree,Tree core,PSME,106.6,637,-28.3,805,-3.74,Cen,5160,-2.5,0,1800,1800,30,6.828,6.7522,0.0758,1,1.1753,0.5812,1.7565,
7291,15:49 710 PSME 10/16/21 EAST,10/16/2021,15:49,East,710,Rivendell,Tree,Tree core,PSME,106.6,637,-28.3,805,-3.74,Cen,5160,-2.5,0,1800,3600,60,6.8348,6.7522,0.0826,2,1.1753,0.5812,1.7565,
7291,15:49 710 PSME 10/16/21 EAST,10/16/2021,15:49,East,710,Rivendell,Tree,Tree core,PSME,106.6,637,-28.3,805,-3.74,Cen,5160,-2.5,0,1800,5400,90,6.85,6.7522,0.0978,3,1.1753,0.5812,1.7565,
7291,15:49 710 PSME 10/16/21 EAST,10/16/2021,15:49,East,710,Rivendell,Tree,Tree core,PSME,106.6,637,-28.3,805,-3.74,Cen,5160,-2.5,0,1800,7200,120,6.8496,6.7522,0.0974,4,1.1753,0.5812,1.7565,
7291,15:49 710 PSME 10/16/21 EAST,10/16/2021,15:49,East,710,Rivendell,Tree,Tree core,PSME,106.6,637,-28.3,805,-3.74,Cen,5160,-2.5,0,1800,9000,150,6.8532,6.7522,0.101,5,1.1753,0.5812,1.7565,
7292,10/16/21 15:47 710 PSME WEST HJ,10/16/2021,15:47,West,710,Rivendell,Tree,Tree core,PSME,106.6,637,-27.7,805,-4.01,Cen,5160,-2.5,0,1800,0,0,6.6883,6.6883,0,0,1.1715,0.5409,1.7124,
7292,10/16/21 15:47 710 PSME WEST HJ,10/16/2021,15:47,West,710,Rivendell,Tree,Tree core,PSME,106.6,637,-27.7,805,-4.01,Cen,5160,-2.5,0,1800,1800,30,6.802,6.6883,0.1137,1,1.1715,0.5409,1.7124,
7292,10/16/21 15:47 710 PSME WEST HJ,10/16/2021,15:47,West,710,Rivendell,Tree,Tree core,PSME,106.6,637,-27.7,805,-4.01,Cen,5160,-2.5,0,1800,3600,60,6.8189,6.6883,0.1306,2,1.1715,0.5409,1.7124,
7292,10/16/21 15:47 710 PSME WEST HJ,10/16/2021,15:47,West,710,Rivendell,Tree,Tree core,PSME,106.6,637,-27.7,805,-4.01,Cen,5160,-2.5,0,1800,5400,90,6.8188,6.6883,0.1305,3,1.1715,0.5409,1.7124,
7292,10/16/21 15:47 710 PSME WEST HJ,10/16/2021,15:47,West,710,Rivendell,Tree,Tree core,PSME,106.6,637,-27.7,805,-4.01,Cen,5160,-2.5,0,1800,7200,120,6.8182,6.6883,0.1299,4,1.1715,0.5409,1.7124,
7292,10/16/21 15:47 710 PSME WEST HJ,10/16/2021,15:47,West,710,Rivendell,Tree,Tree core,PSME,106.6,637,-27.7,805,-4.01,Cen,5160,-2.5,0,1800,9000,150,6.8163,6.6883,0.128,5,1.1715,0.5409,1.7124,
7281,10/16/21 15:17 64 PSME WEST HJ,10/16/2021,15:17,West,64,Rivendell,Tree,Tree core,PSME,70.7,637,-25,805,-4.28,Cen,5150,-2.5,0,,120,,,,,,,,,
7281,10/16/21 15:17 64 PSME WEST HJ,10/16/2021,15:17,West,64,Rivendell,Tree,Tree core,PSME,70.7,637,-28,805,-4.49,Cen,5150,-2.5,0,,120,,,,,,,,,
7294,710 PSME SOUTH HJ 10/16/21 15:43,10/16/2021,15:43,South,710,Rivendell,Tree,Tree core,PSME,106.6,637,-69.7,805,-4.94,Cen,5160,-2.5,0,1800,0,0,6.6957,6.6957,0,0,1.1586,0.646,1.8046,
7294,710 PSME SOUTH HJ 10/16/21 15:43,10/16/2021,15:43,South,710,Rivendell,Tree,Tree core,PSME,106.6,637,-69.7,805,-4.94,Cen,5160,-2.5,0,1800,1800,30,6.8128,6.6957,0.1171,1,1.1586,0.646,1.8046,
7294,710 PSME SOUTH HJ 10/16/21 15:43,10/16/2021,15:43,South,710,Rivendell,Tree,Tree core,PSME,106.6,637,-69.7,805,-4.94,Cen,5160,-2.5,0,1800,3600,60,6.8058,6.6957,0.1101,2,1.1586,0.646,1.8046,
7294,710 PSME SOUTH HJ 10/16/21 15:43,10/16/2021,15:43,South,710,Rivendell,Tree,Tree core,PSME,106.6,637,-69.7,805,-4.94,Cen,5160,-2.5,0,1800,5400,90,6.8142,6.6957,0.1185,3,1.1586,0.646,1.8046,
7294,710 PSME SOUTH HJ 10/16/21 15:43,10/16/2021,15:43,South,710,Rivendell,Tree,Tree core,PSME,106.6,637,-69.7,805,-4.94,Cen,5160,-2.5,0,1800,7200,120,6.8247,6.6957,0.129,4,1.1586,0.646,1.8046,
7294,710 PSME SOUTH HJ 10/16/21 15:43,10/16/2021,15:43,South,710,Rivendell,Tree,Tree core,PSME,106.6,637,-69.7,805,-4.94,Cen,5160,-2.5,0,1800,9000,150,6.8212,6.6957,0.1255,5,1.1586,0.646,1.8046,
7295,10/16/21 16:30 619 PSME EAST HJ,10/16/2021,16:30,East,619,Rivendell,Tree,Tree core,PSME,101.8,637,-31,805,-4.95,Cen,5160,-2.5,0,1800,0,0,6.6573,6.6573,0,0,1.1098,0.5504,1.6602,
7295,10/16/21 16:30 619 PSME EAST HJ,10/16/2021,16:30,East,619,Rivendell,Tree,Tree core,PSME,101.8,637,-31,805,-4.95,Cen,5160,-2.5,0,1800,1800,30,6.7321,6.6573,0.0748,1,1.1098,0.5504,1.6602,
7295,10/16/21 16:30 619 PSME EAST HJ,10/16/2021,16:30,East,619,Rivendell,Tree,Tree core,PSME,101.8,637,-31,805,-4.95,Cen,5160,-2.5,0,1800,3600,60,6.7402,6.6573,0.0829,2,1.1098,0.5504,1.6602,
7295,10/16/21 16:30 619 PSME EAST HJ,10/16/2021,16:30,East,619,Rivendell,Tree,Tree core,PSME,101.8,637,-31,805,-4.95,Cen,5160,-2.5,0,1800,5400,90,6.7407,6.6573,0.0834,3,1.1098,0.5504,1.6602,
7295,10/16/21 16:30 619 PSME EAST HJ,10/16/2021,16:30,East,619,Rivendell,Tree,Tree core,PSME,101.8,637,-31,805,-4.95,Cen,5160,-2.5,0,1800,7200,120,6.7448,6.6573,0.0875,4,1.1098,0.5504,1.6602,
7295,10/16/21 16:30 619 PSME EAST HJ,10/16/2021,16:30,East,619,Rivendell,Tree,Tree core,PSME,101.8,637,-31,805,-4.95,Cen,5160,-2.5,0,1800,9000,150,6.7441,6.6573,0.0868,5,1.1098,0.5504,1.6602,
7282,10/16/21 15:20 64 PSME SOUTH HJ,10/16/2021,15:20,South,64,Rivendell,Tree,Tree core,PSME,70.7,637,-58,805,-4.99,CenCryo,5150,-2.5,0,,120,,,,,,,,,
7297,10/16/21 16:33 619 PSME NORTH HJ,10/16/2021,16:33,North,619,Rivendell,Tree,Tree core,PSME,101.8,637,-34.8,805,-5.01,Cen,5160,-2.5,0,1800,0,0,6.615,6.615,0,0,1.0966,0.681,1.7776,
7297,10/16/21 16:33 619 PSME NORTH HJ,10/16/2021,16:33,North,619,Rivendell,Tree,Tree core,PSME,101.8,637,-34.8,805,-5.01,Cen,5160,-2.5,0,1800,1800,30,6.683,6.615,0.068,1,1.0966,0.681,1.7776,
7297,10/16/21 16:33 619 PSME NORTH HJ,10/16/2021,16:33,North,619,Rivendell,Tree,Tree core,PSME,101.8,637,-34.8,805,-5.01,Cen,5160,-2.5,0,1800,3600,60,6.6919,6.615,0.0769,2,1.0966,0.681,1.7776,
7297,10/16/21 16:33 619 PSME NORTH HJ,10/16/2021,16:33,North,619,Rivendell,Tree,Tree core,PSME,101.8,637,-34.8,805,-5.01,Cen,5160,-2.5,0,1800,5400,90,6.6922,6.615,0.0772,3,1.0966,0.681,1.7776,
7297,10/16/21 16:33 619 PSME NORTH HJ,10/16/2021,16:33,North,619,Rivendell,Tree,Tree core,PSME,101.8,637,-34.8,805,-5.01,Cen,5160,-2.5,0,1800,7200,120,6.7027,6.615,0.0877,4,1.0966,0.681,1.7776,
7297,10/16/21 16:33 619 PSME NORTH HJ,10/16/2021,16:33,North,619,Rivendell,Tree,Tree core,PSME,101.8,637,-34.8,805,-5.01,Cen,5160,-2.5,0,1800,9000,150,6.7032,6.615,0.0882,5,1.0966,0.681,1.7776,
7297,10/16/21 16:33 619 PSME NORTH HJ,10/16/2021,16:33,North,619,Rivendell,Tree,Tree core,PSME,101.8,637,-34.8,805,-5.01,Cen,5160,-2.5,0,1800,10800,180,6.7026,6.615,0.0876,6,1.0966,0.681,1.7776,
7296,16:37 619 10/16/21 WEST PSME,10/16/2021,16:37,West,619,Rivendell,Tree,Tree core,PSME,101.8,637,-28.7,805,-5.05,Cen,5160,-2.5,0,1800,0,0,6.6211,6.6211,0,0,1.1051,0.4731,1.5782,
7296,16:37 619 10/16/21 WEST PSME,10/16/2021,16:37,West,619,Rivendell,Tree,Tree core,PSME,101.8,637,-28.7,805,-5.05,Cen,5160,-2.5,0,1800,1800,30,6.6572,6.6211,0.0361,1,1.1051,0.4731,1.5782,
7296,16:37 619 10/16/21 WEST PSME,10/16/2021,16:37,West,619,Rivendell,Tree,Tree core,PSME,101.8,637,-28.7,805,-5.05,Cen,5160,-2.5,0,1800,3600,60,6.6576,6.6211,0.0365,2,1.1051,0.4731,1.5782,
7296,16:37 619 10/16/21 WEST PSME,10/16/2021,16:37,West,619,Rivendell,Tree,Tree core,PSME,101.8,637,-28.7,805,-5.05,Cen,5160,-2.5,0,1800,5400,90,6.6566,6.6211,0.0355,3,1.1051,0.4731,1.5782,
7296,16:37 619 10/16/21 WEST PSME,10/16/2021,16:37,West,619,Rivendell,Tree,Tree core,PSME,101.8,637,-28.7,805,-5.05,Cen,5160,-2.5,0,1800,7200,120,6.6581,6.6211,0.037,4,1.1051,0.4731,1.5782,
7296,16:37 619 10/16/21 WEST PSME,10/16/2021,16:37,West,619,Rivendell,Tree,Tree core,PSME,101.8,637,-28.7,805,-5.05,Cen,5160,-2.5,0,1800,9000,150,6.6647,6.6211,0.0436,5,1.1051,0.4731,1.5782,
7296,16:37 619 10/16/21 WEST PSME,10/16/2021,16:37,West,619,Rivendell,Tree,Tree core,PSME,101.8,637,-28.7,805,-5.05,Cen,5160,-2.5,0,1800,10800,180,6.6647,6.6211,0.0436,6,1.1051,0.4731,1.5782,
7291,15:49 710 PSME 10/16/21 EAST,10/16/2021,15:49,East,710,Rivendell,Tree,Tree core,PSME,106.6,637,-50.7,805,-5.07,CenCryo,5160,-2.5,0,1800,9000,150,6.8532,6.7522,0.101,5,1.1753,0.5812,1.7565,
7288,10/16/21 15:36 700 PSME WEST HJ,10/16/2021,15:36,West,700,Rivendell,Tree,Tree core,PSME,112.8,637,-33.8,805,-5.11,Cen,5160,-2.5,0,1800,0,0,6.6212,6.6212,0,0,1.1001,0.615,1.7151,
7288,10/16/21 15:36 700 PSME WEST HJ,10/16/2021,15:36,West,700,Rivendell,Tree,Tree core,PSME,112.8,637,-33.8,805,-5.11,Cen,5160,-2.5,0,1800,1800,30,6.6951,6.6212,0.0739,1,1.1001,0.615,1.7151,
7288,10/16/21 15:36 700 PSME WEST HJ,10/16/2021,15:36,West,700,Rivendell,Tree,Tree core,PSME,112.8,637,-33.8,805,-5.11,Cen,5160,-2.5,0,1800,3600,60,6.6993,6.6212,0.0781,2,1.1001,0.615,1.7151,
7288,10/16/21 15:36 700 PSME WEST HJ,10/16/2021,15:36,West,700,Rivendell,Tree,Tree core,PSME,112.8,637,-33.8,805,-5.11,Cen,5160,-2.5,0,1800,5400,90,6.7075,6.6212,0.0863,3,1.1001,0.615,1.7151,
7288,10/16/21 15:36 700 PSME WEST HJ,10/16/2021,15:36,West,700,Rivendell,Tree,Tree core,PSME,112.8,637,-33.8,805,-5.11,Cen,5160,-2.5,0,1800,7200,120,6.7103,6.6212,0.0891,4,1.1001,0.615,1.7151,
7288,10/16/21 15:36 700 PSME WEST HJ,10/16/2021,15:36,West,700,Rivendell,Tree,Tree core,PSME,112.8,637,-33.8,805,-5.11,Cen,5160,-2.5,0,1800,9000,150,6.7152,6.6212,0.094,5,1.1001,0.615,1.7151,
7288,10/16/21 15:36 700 PSME WEST HJ,10/16/2021,15:36,West,700,Rivendell,Tree,Tree core,PSME,112.8,637,-33.8,805,-5.11,Cen,5160,-2.5,0,1800,10800,180,6.7212,6.6212,0.1,6,1.1001,0.615,1.7151,
7290,10/16/21 15:31 700 PSME SOUTH HJ,10/16/2021,15:31,South,700,Rivendell,Tree,Tree core,PSME,112.8,637,-35.9,805,-5.12,Cen,5160,-2.5,0,1800,0,0,6.6137,6.6137,0,0,1.1045,0.687,1.7915,
7290,10/16/21 15:31 700 PSME SOUTH HJ,10/16/2021,15:31,South,700,Rivendell,Tree,Tree core,PSME,112.8,637,-35.9,805,-5.12,Cen,5160,-2.5,0,1800,1800,30,6.678,6.6137,0.0643,1,1.1045,0.687,1.7915,
7290,10/16/21 15:31 700 PSME SOUTH HJ,10/16/2021,15:31,South,700,Rivendell,Tree,Tree core,PSME,112.8,637,-35.9,805,-5.12,Cen,5160,-2.5,0,1800,3600,60,6.7167,6.6137,0.103,2,1.1045,0.687,1.7915,
7290,10/16/21 15:31 700 PSME SOUTH HJ,10/16/2021,15:31,South,700,Rivendell,Tree,Tree core,PSME,112.8,637,-35.9,805,-5.12,Cen,5160,-2.5,0,1800,5400,90,6.6966,6.6137,0.0829,3,1.1045,0.687,1.7915,
7290,10/16/21 15:31 700 PSME SOUTH HJ,10/16/2021,15:31,South,700,Rivendell,Tree,Tree core,PSME,112.8,637,-35.9,805,-5.12,Cen,5160,-2.5,0,1800,7200,120,6.6997,6.6137,0.086,4,1.1045,0.687,1.7915,
7290,10/16/21 15:31 700 PSME SOUTH HJ,10/16/2021,15:31,South,700,Rivendell,Tree,Tree core,PSME,112.8,637,-35.9,805,-5.12,Cen,5160,-2.5,0,1800,9000,150,6.6992,6.6137,0.0855,5,1.1045,0.687,1.7915,
7286,10/16/21 14:44 714 PSME SOUTH HJ,10/16/2021,14:44,South,714,Rivendell,Tree,Tree core,PSME,59.2,637,-69.9,805,-5.13,CenCryo,5160,-2.5,0,1800,9000,150,6.7261,6.7112,0.0149,5,1.1514,0.5423,1.6937,
7280,10/16/21 15:24 64 PSME East HJ,10/16/2021,15:24,East,64,Rivendell,Tree,Tree core,PSME,70.7,637,-35,805,-5.18,Cen,5150,-2.5,0,,120,,,,,,,,,
7296,16:37 619 10/16/21 WEST PSME,10/16/2021,16:37,West,619,Rivendell,Tree,Tree core,PSME,101.8,637,-48.9,805,-5.43,CenCryo,5160,-2.5,0,1800,10800,180,6.6647,6.6211,0.0436,6,1.1051,0.4731,1.5782,
7295,10/16/21 16:30 619 PSME EAST HJ,10/16/2021,16:30,East,619,Rivendell,Tree,Tree core,PSME,101.8,637,-50.4,805,-5.47,CenCryo,5160,-2.5,0,1800,9000,150,6.7441,6.6573,0.0868,5,1.1098,0.5504,1.6602,
7287,15:31 10/16/21 700 EAST PSME,10/16/2021,15:31,East,700,Rivendell,Tree,Tree core,PSME,112.8,637,-34,805,-5.5,Cen,5160,-2.5,0,1800,0,0,6.6336,6.6336,0,0,1.1002,0.6582,1.7584,
7287,15:31 10/16/21 700 EAST PSME,10/16/2021,15:31,East,700,Rivendell,Tree,Tree core,PSME,112.8,637,-34,805,-5.5,Cen,5160,-2.5,0,1800,1800,30,6.7312,6.6336,0.0976,1,1.1002,0.6582,1.7584,
7287,15:31 10/16/21 700 EAST PSME,10/16/2021,15:31,East,700,Rivendell,Tree,Tree core,PSME,112.8,637,-34,805,-5.5,Cen,5160,-2.5,0,1800,3600,60,6.7546,6.6336,0.121,2,1.1002,0.6582,1.7584,
7287,15:31 10/16/21 700 EAST PSME,10/16/2021,15:31,East,700,Rivendell,Tree,Tree core,PSME,112.8,637,-34,805,-5.5,Cen,5160,-2.5,0,1800,5400,90,6.7539,6.6336,0.1203,3,1.1002,0.6582,1.7584,
7287,15:31 10/16/21 700 EAST PSME,10/16/2021,15:31,East,700,Rivendell,Tree,Tree core,PSME,112.8,637,-34,805,-5.5,Cen,5160,-2.5,0,1800,7200,120,6.7688,6.6336,0.1352,4,1.1002,0.6582,1.7584,
7287,15:31 10/16/21 700 EAST PSME,10/16/2021,15:31,East,700,Rivendell,Tree,Tree core,PSME,112.8,637,-34,805,-5.5,Cen,5160,-2.5,0,1800,9000,150,6.7687,6.6336,0.1351,5,1.1002,0.6582,1.7584,
7287,15:31 10/16/21 700 EAST PSME,10/16/2021,15:31,East,700,Rivendell,Tree,Tree core,PSME,112.8,637,-34,805,-5.5,Cen,5160,-2.5,0,1800,10800,180,6.7726,6.6336,0.139,6,1.1002,0.6582,1.7584,
7282,10/16/21 15:20 64 PSME SOUTH HJ,10/16/2021,15:20,South,64,Rivendell,Tree,Tree core,PSME,70.7,637,-27,805,-5.55,Cen,5150,-2.5,0,,120,,,,,,,,,
7284,10/16/21 14:47 714 PSME WEST HJ,10/16/2021,14:47,West,714,Rivendell,Tree,Tree core,PSME,59.2,637,-60.8,805,-5.57,CenCryo,5160,-2.5,0,1800,9000,150,6.7205,6.7149,0.0056,5,1.1509,0.5137,1.6646,No water first spin
7289,15:37 700 10/16/21 PSME NORTH,10/16/2021,15:37,North,700,Rivendell,Tree,Tree core,PSME,112.8,637,-38.1,805,-5.58,Cen,5160,-2.5,0,1800,0,0,6.6427,6.6427,0,0,1.10021,0.64659,1.7468,
7289,15:37 700 10/16/21 PSME NORTH,10/16/2021,15:37,North,700,Rivendell,Tree,Tree core,PSME,112.8,637,-38.1,805,-5.58,Cen,5160,-2.5,0,1800,1800,30,6.704,6.6427,0.0613,1,1.10021,0.64659,1.7468,
7289,15:37 700 10/16/21 PSME NORTH,10/16/2021,15:37,North,700,Rivendell,Tree,Tree core,PSME,112.8,637,-38.1,805,-5.58,Cen,5160,-2.5,0,1800,3600,60,6.6974,6.6427,0.0547,2,1.10021,0.64659,1.7468,
7289,15:37 700 10/16/21 PSME NORTH,10/16/2021,15:37,North,700,Rivendell,Tree,Tree core,PSME,112.8,637,-38.1,805,-5.58,Cen,5160,-2.5,0,1800,5400,90,6.7332,6.6427,0.0905,3,1.10021,0.64659,1.7468,
7289,15:37 700 10/16/21 PSME NORTH,10/16/2021,15:37,North,700,Rivendell,Tree,Tree core,PSME,112.8,637,-38.1,805,-5.58,Cen,5160,-2.5,0,1800,7200,120,6.7346,6.6427,0.0919,4,1.10021,0.64659,1.7468,
7289,15:37 700 10/16/21 PSME NORTH,10/16/2021,15:37,North,700,Rivendell,Tree,Tree core,PSME,112.8,637,-38.1,805,-5.58,Cen,5160,-2.5,0,1800,9000,150,6.7339,6.6427,0.0912,5,1.10021,0.64659,1.7468,
7292,10/16/21 15:47 710 PSME WEST HJ,10/16/2021,15:47,West,710,Rivendell,Tree,Tree core,PSME,106.6,637,-67.6,805,-5.61,CenCryo,5160,-2.5,0,1800,9000,150,6.8163,6.6883,0.128,5,1.1715,0.5409,1.7124,
7281,10/16/21 15:17 64 PSME WEST HJ,10/16/2021,15:17,West,64,Rivendell,Tree,Tree core,PSME,70.7,637,-55,805,-5.7,CenCryo,5150,-2.5,0,,120,,,,,,,,,
7283,14:44 10/16/21 EAST PSME 714,10/16/2021,16:44,East,714,Rivendell,Tree,Tree core,PSME,59.2,637,-51.7,805,-5.72,Cryo,,,0,,,,,,,,,,,
7286,10/16/21 14:44 714 PSME SOUTH HJ,10/16/2021,14:44,South,714,Rivendell,Tree,Tree core,PSME,59.2,637,-55.7,805,-5.73,Cryo,,,0,,,,,,,,,,,
7296,16:37 619 10/16/21 WEST PSME,10/16/2021,16:37,West,619,Rivendell,Tree,Tree core,PSME,101.8,637,-40.1,805,-5.79,Cryo,,,0,,,,,,,,,,,
7287,15:31 10/16/21 700 EAST PSME,10/16/2021,15:31,East,700,Rivendell,Tree,Tree core,PSME,112.8,637,-62,805,-5.87,CenCryo,5160,-2.5,0,1800,10800,180,6.7726,6.6336,0.139,6,1.1002,0.6582,1.7584,
7293,15:47 710 10/16/21 PSME NORTH,10/16/2021,15:47,North,710,Rivendell,Tree,Tree core,PSME,106.6,637,-60.7,805,-5.98,CenCryo,5160,-2.5,0,1800,9000,150,6.7802,6.6967,0.0835,5,1.1663,0.6227,1.789,
7283,14:44 10/16/21 EAST PSME 714,10/16/2021,15:44,East,714,Rivendell,Tree,Tree core,PSME,59.2,637,-54.9,805,-6.02,CenCryo,5160,-2.5,0,1800,9000,150,6.77,6.6805,0.0895,5,1.1854,0.6023,1.7877,
7297,10/16/21 16:33 619 PSME NORTH HJ,10/16/2021,16:33,North,619,Rivendell,Tree,Tree core,PSME,101.8,637,-52.1,805,-6.06,CenCryo,5160,-2.5,0,1800,10800,180,6.7026,6.615,0.0876,6,1.0966,0.681,1.7776,
7290,10/16/21 15:31 700 PSME SOUTH HJ,10/16/2021,15:31,South,700,Rivendell,Tree,Tree core,PSME,112.8,637,-54.5,805,-6.09,CenCryo,5160,-2.5,0,1800,9000,150,6.6992,6.6137,0.0855,5,1.1045,0.687,1.7915,
7287,15:31 10/16/21 700 EAST PSME,10/16/2021,15:31,East,700,Rivendell,Tree,Tree core,PSME,112.8,637,-58,805,-6.1,Cryo,,,0,,,,,,,,,,,
7288,10/16/21 15:36 700 PSME WEST HJ,10/16/2021,15:36,West,700,Rivendell,Tree,Tree core,PSME,112.8,637,-58.6,805,-6.12,CenCryo,5160,-2.5,0,1800,10800,180,6.7212,6.6212,0.1,6,1.1001,0.615,1.7151,
7291,15:49 710 PSME 10/16/21 EAST,10/16/2021,15:49,East,710,Rivendell,Tree,Tree core,PSME,106.6,637,-64.7,805,-6.2,Cryo,,,0,,,,,,,,,,,
7297,10/16/21 16:33 619 PSME NORTH HJ,10/16/2021,16:33,North,619,Rivendell,Tree,Tree core,PSME,101.8,637,-45.4,805,-6.21,Cryo,,,0,,,,,,,,,,,
7285,10/16/21 14:48 NORTH PSME 714,10/16/2021,14:48,North,714,Rivendell,Tree,Tree core,PSME,59.2,637,-58.1,805,-6.28,CenCryo,5160,-2.5,0,1800,9000,150,6.7666,6.7224,0.0442,5,1.2016,0.658,1.8596,
7298,16:29 10/16/21 PSME 619 SOUTH,10/16/2021,16:29,South,619,Rivendell,Tree,Tree core,PSME,101.8,637,-56.3,805,-6.31,CenCryo,5160,-2.5,0,1800,9000,150,6.6581,6.6279,0.0302,5,1.1065,0.7418,1.8483,Not enough water to be pipetted. Water also was viscous and thick. Clear color but was not runny.
7284,10/16/21 14:47 714 PSME WEST HJ,10/16/2021,14:47,West,714,Rivendell,Tree,Tree core,PSME,59.2,637,-59.1,805,-6.36,Cryo,,,0,,,,,,,,,,,
7289,15:37 700 10/16/21 PSME NORTH,10/16/2021,15:37,North,700,Rivendell,Tree,Tree core,PSME,112.8,637,-59.6,805,-6.37,CenCryo,5160,-2.5,0,1800,9000,150,6.7339,6.6427,0.0912,5,1.10021,0.64659,1.7468,
7294,710 PSME SOUTH HJ 10/16/21 15:43,10/16/2021,15:43,South,710,Rivendell,Tree,Tree core,PSME,106.6,637,-66.4,805,-6.38,CenCryo,5160,-2.5,0,1800,9000,150,6.8212,6.6957,0.1255,5,1.1586,0.646,1.8046,
7295,10/16/21 16:30 619 PSME EAST HJ,10/16/2021,16:30,East,619,Rivendell,Tree,Tree core,PSME,101.8,637,-43.2,805,-6.4,Cryo,,,0,,,,,,,,,,,
7285,10/16/21 14:48 NORTH PSME 714,10/16/2021,14:48,North,714,Rivendell,Tree,Tree core,PSME,59.2,637,-58,805,-6.44,Cryo,,,0,,,,,,,,,,,
7290,10/16/21 15:31 700 PSME SOUTH HJ,10/16/2021,15:31,South,700,Rivendell,Tree,Tree core,PSME,112.8,637,-50.9,805,-6.46,Cryo,,,0,,,,,,,,,,,
7298,16:29 10/16/21 PSME 619 SOUTH,10/16/2021,16:29,South,619,Rivendell,Tree,Tree core,PSME,101.8,637,-52.2,805,-6.5,Cryo,,,0,,,,,,,,,,,
7288,10/16/21 15:36 700 PSME WEST HJ,10/16/2021,15:36,West,700,Rivendell,Tree,Tree core,PSME,112.8,637,-58.9,805,-6.54,Cryo,,,0,,,,,,,,,,,
7292,10/16/21 15:47 710 PSME WEST HJ,10/16/2021,15:47,West,710,Rivendell,Tree,Tree core,PSME,106.6,637,-56.7,805,-6.66,Cryo,,,0,,,,,,,,,,,
7280,10/16/21 15:24 64 PSME East HJ,10/16/2021,15:24,East,64,Rivendell,Tree,Tree core,PSME,70.7,637,-58,805,-6.73,CenCryo,5150,-2.5,0,,120,,,,,,,,,
7282,10/16/21 15:20 64 PSME SOUTH HJ,10/16/2021,15:20,South,64,Rivendell,Tree,Tree core,PSME,70.7,637,-35,805,-6.87,Cen,5150,-2.5,0,,120,,,,,,,,,
7294,710 PSME SOUTH HJ 10/16/21 15:43,10/16/2021,15:43,South,710,Rivendell,Tree,Tree core,PSME,106.6,637,-63.2,805,-7.1,Cryo,,,0,,,,,,,,,,,
7289,15:37 700 10/16/21 PSME NORTH,10/16/2021,15:37,North,700,Rivendell,Tree,Tree core,PSME,112.8,637,-55.8,805,-7.64,Cryo,,,0,,,,,,,,,,,
7401,PSME 655 07/05/2019 15:01 HJ,7/5/2019,15:01,,655,Rivendell,Tree ,Tree core,PSME,,,-73.3,,21.16,Cryo,,,1,1,,,,,,,,,,
7401,PSME 655 07/05/2019 15:01 HJ,7/5/2019,15:01,,655,Rivendell,Tree ,Tree core,PSME,,,-72.5,,-6.11,CenCryo,9500,,0,0,,,,,,,,,,
7398,PSME 27 07/05/2019 14:42 HJ,7/5/2019,14:42,,27,Rivendell,Tree ,Tree core,PSME,,,-62.2,,-6.63,CenCryo,9500,,0,0,,,,,,,,,,
7399,PSME 676 07/05/2019 15:21 HJ,7/5/2019,15:21,,676,Rivendell,Tree ,Tree core,PSME,,,-70.8,,-6.79,CenCryo,9500,,0,0,,,,,,,,,,
7401,PSME 655 07/05/2019 15:01 HJ,7/5/2019,15:01,,655,Rivendell,Tree ,Tree core,PSME,,,-50,,-7.01,Cen,9500,,0,0,,,,,,,,,,
7399,PSME 676 07/05/2019 15:21 HJ,7/5/2019,15:21,,676,Rivendell,Tree ,Tree core,PSME,,,-71.5,,-7.13,Cryo,,,0,0,,,,,,,,,,
7400,PSME 643 07/05/2019 15:40 HJ,7/5/2019,15:40,,643,Rivendell,Tree ,Tree core,PSME,,,-94,,-7.35,CenCryo,9500,,0,0,,,,,,,,,,
7400,PSME 643 07/05/2019 15:40 HJ,7/5/2019,15:40,,643,Rivendell,Tree ,Tree core,PSME,,,-53.3,,-7.54,Cen,9500,,0,0,,,,,,,,,,
7397,PSME 652 07/05/2019 14:48 HJ,7/5/2019,14:48,,652,Rivendell,Tree ,Tree core,PSME,,,-95,,-7.58,CenCryo,9500,,0,0,,,,,,,,,,
7398,PSME 27 07/05/2019 14:42 HJ,7/5/2019,14:42,,27,Rivendell,Tree ,Tree core,PSME,,,-64.2,,-7.69,Cryo,,,0,0,,,,,,,,,,
7400,PSME 643 07/05/2019 15:40 HJ,7/5/2019,15:40,,643,Rivendell,Tree ,Tree core,PSME,,,-74,,-8.29,Cryo,,,0,0,,,,,,,,,,
7399,PSME 676 07/05/2019 15:21 HJ,7/5/2019,15:21,,676,Rivendell,Tree ,Tree core,PSME,,,-42.2,,-9.29,Cen,9500,,1,0,,,,,,,,,,
7397,PSME 652 07/05/2019 14:48 HJ,7/5/2019,14:48,,652,Rivendell,Tree ,Tree core,PSME,,,-83.8,,-9.84,Cryo,,,0,0,,,,,,,,,,
7398,PSME 27 07/05/2019 14:42 HJ,7/5/2019,14:42,,27,Rivendell,Tree ,Tree core,PSME,,,-36.5,,-16.06,Cen,9500,,1,1,,,,,,,,,,
7389,PSME 656 9/14/2019 12:52 HJ,9/14/2019,12:52,,656,Rivendell,Tree ,Tree core,PSME,,,-40.7,,4.97,CenCryo,9500,,1,1,,,,,,,,,,
7387,PSME 651 9/14/2019 14:31 HJ ,9/14/2019,14:31,,651,Rivendell,Tree ,Tree core,PSME,,,-70.1,,-3.2,CenCryo,9500,,0,0,,,,,,,,,,
7387,PSME 651 9/14/2019 14:31 HJ ,9/14/2019,14:31,,651,Rivendell,Tree ,Tree core,PSME,,,-74.9,,-5.04,Cryo,,,0,0,,,,,,,,,,
7388,PSME 652 9/14/2019 14:26 HJ,9/14/2019,14:26,,652,Rivendell,Tree ,Tree core,PSME,,,-69.7,,-7.04,Cryo,,,0,0,,,,,,,,,,
7389,PSME 656 9/14/2019 12:52 HJ,9/14/2019,12:52,,656,Rivendell,Tree ,Tree core,PSME,,,-43.6,,-7.23,Cen,9500,,0,0,,,,,,,,,,
7388,PSME 652 9/14/2019 14:26 HJ,9/14/2019,14:26,,652,Rivendell,Tree ,Tree core,PSME,,,-83.6,,-8.32,CenCryo,9500,,0,0,,,,,,,,,,
7390,PSME 27 9/14/2019 14:40 HJ,9/14/2019,14:40,,27,Rivendell,Tree ,Tree core,PSME,,,-64.9,,-9.4,CenCryo,9500,,0,0,,,,,,,,,,
7390,PSME 27 9/14/2019 14:40 HJ,9/14/2019,14:40,,27,Rivendell,Tree ,Tree core,PSME,,,-33.3,,-18.65,Cen,9500,,1,1,,,,,,,,,,
7383,PSME 27 10/12/2019 13:16 HJ,10/12/2019,13:16,,27,Rivendell,Tree ,Tree core,PSME,,,-60,,-3.74,Cryo,,,0,0,,,,,,,,,,
7383,PSME 27 10/12/2019 13:16 HJ,10/12/2019,13:16,,27,Rivendell,Tree ,Tree core,PSME,,,-37.7,,-5.85,Cen,9500,,0,0,,,,,,,,,,
7384,PSME 643 10/12/2019 14:24 HJ,10/12/2019,14:24,,643,Rivendell,Tree ,Tree core,PSME,,,-59.9,,-5.98,Cryo,,,0,0,,,,,,,,,,
7383,PSME 27 10/12/2019 13:16 HJ,10/12/2019,13:16,,27,Rivendell,Tree ,Tree core,PSME,,,-60.6,,-6.05,CenCryo,9500,,0,0,,,,,,,,,,
7384,PSME 643 10/12/2019 14:24 HJ,10/12/2019,14:24,,643,Rivendell,Tree ,Tree core,PSME,,,-59.9,,-6.56,CenCryo,9500,,0,0,,,,,,,,,,
7386,PSME 652 10/12/2019 13:19 HJ,10/12/2019,13:19,,652,Rivendell,Tree ,Tree core,PSME,,,-38.6,,-6.65,Cen,9500,,0,0,,,,,,,,,,
7385,PSME 655 10/12/2019 13:05 HJ,10/12/2019,13:05,,655,Rivendell,Tree ,Tree core,PSME,,,-40.5,,-6.69,Cen,9500,,0,0,,,,,,,,,,
7386,PSME 652 10/12/2019 13:19 HJ,10/12/2019,13:19,,652,Rivendell,Tree ,Tree core,PSME,,,-66.1,,-7.3,CenCryo,9500,,0,0,,,,,,,,,,
7385,PSME 655 10/12/2019 13:05 HJ,10/12/2019,13:05,,655,Rivendell,Tree ,Tree core,PSME,,,-69.4,,-7.31,CenCryo,9500,,0,0,,,,,,,,,,
7385,PSME 655 10/12/2019 13:05 HJ,10/12/2019,13:05,,655,Rivendell,Tree ,Tree core,PSME,,,-66.2,,-7.54,Cryo,,,0,0,,,,,,,,,,
7386,PSME 652 10/12/2019 13:19 HJ,10/12/2019,13:19,,652,Rivendell,Tree ,Tree core,PSME,,,-73.9,,-8.86,Cryo,,,0,0,,,,,,,,,,
7393,PSME 643 12/09/2019 15:05 HJ,12/9/2019,15:05,,643,Rivendell,Tree ,Tree core,PSME,,,-78.9,,-4.51,CenCryo,9500,,0,0,,,,,,,,,,
7394,PSME 659 12/09/2019 15:47 HJ,12/9/2019,15:47,,659,Rivendell,Tree ,Tree core,PSME,,,-91.3,,-5.59,CenCryo,9500,,0,0,,,,,,,,,,
7391,PSME 678 12/09/2019 15:36 HJ,12/9/2019,15:36,,678,Rivendell,Tree ,Tree core,PSME,,,-89.7,,-5.82,CenCryo,9500,,0,0,,,,,,,,,,
7395,PSME 640 12/09/2019 15:58 HJ,12/9/2019,15:58,,640,Rivendell,Tree ,Tree core,PSME,,,-93.4,,-6.58,CenCryo,9500,,0,0,,,,,,,,,,
7392,PSME 656 12?09/2019 15:43 HJ,12/9/2019,15:43,,656,Rivendell,Tree ,Tree core,PSME,,,-44.9,,-6.72,Cen,9500,,0,0,,,,,,,,,,
7393,PSME 643 12/09/2019 15:05 HJ,12/9/2019,15:05,,643,Rivendell,Tree ,Tree core,PSME,,,-50.7,,-6.84,Cen,9500,,0,0,,,,,,,,,,
7391,PSME 678 12/09/2019 15:36 HJ,12/9/2019,15:36,,678,Rivendell,Tree ,Tree core,PSME,,,-51.2,,-7.16,Cen,9500,,0,0,,,,,,,,,,
7393,PSME 643 12/09/2019 15:05 HJ,12/9/2019,15:05,,643,Rivendell,Tree ,Tree core,PSME,,,-96.2,,-7.25,Cryo,,,0,0,,,,,,,,,,
7392,PSME 656 12?09/2019 15:43 HJ,12/9/2019,15:43,,656,Rivendell,Tree ,Tree core,PSME,,,-83.1,,-7.46,CenCryo,9500,,0,0,,,,,,,,,,
7396,PSME 676 12/09/2019 15:55 HJ,12/9/2019,15:55,,676,Rivendell,Tree ,Tree core,PSME,,,-83.2,,-8.27,Cryo,,,0,0,,,,,,,,,,
7395,PSME 640 12/09/2019 15:58 HJ,12/9/2019,15:58,,640,Rivendell,Tree ,Tree core,PSME,,,-98.6,,-9.43,Cryo,,,0,0,,,,,,,,,,
7396,PSME 676 12/09/2019 15:55 HJ,12/9/2019,15:55,,676,Rivendell,Tree ,Tree core,PSME,,,-83.7,,-9.96,CenCryo,9500,,0,0,,,,,,,,,,
7402,PSME 619 06/13/2020 12:23 HJ,6/13/2020,12:23,,619,Rivendell,Tree ,Tree core,PSME,,,-31,,-4.06,Cen,9500,,0,0,,,,,,,,,,
7402,PSME 619 06/13/2020 12:23 HJ,6/13/2020,12:23,,619,Rivendell,Tree ,Tree core,PSME,,,-61.9,,-6.31,CenCryo,9500,,0,0,,,,,,,,,,
7402,PSME 619 06/13/2020 12:23 HJ,6/13/2020,12:23,,619,Rivendell,Tree ,Tree core,PSME,,,-56.8,,-6.53,Cryo,,,0,0,,,,,,,,,,
,619 PSME 10/4/20 12:42 SOUTH,10/4/2020,12:42,South,619,Rivendell,Tree,Tree core,PSME,101.8,,,,,,,,0,,,,,,,,,,,
,619 PSME 10/4/20 12:45 WEST,10/4/2020,12:45,West,619,Rivendell,Tree,Tree core,PSME,101.8,,,,,,,,0,,,,,,,,,,,
,619 PSME 10/4/20 12:49 NORTH,10/4/2020,12:49,North,619,Rivendell,Tree,Tree core,PSME,101.8,,,,,,,,0,,,,,,,,,,,
,619 PSME 10/4/20 12:52 EAST,10/4/2020,12:52,East,619,Rivendell,Tree,Tree core,PSME,101.8,,,,,,,,0,,,,,,,,,,,
,710 PSME 10/4/20 13:06 SOUTH,10/4/2020,13:06,South,710,Rivendell,Tree,Tree core,PSME,106.6,,,,,,,,0,,,,,,,,,,,
,710 PSME 10/4/20 13:11 WEST,10/4/2020,13:11,West,710,Rivendell,Tree,Tree core,PSME,106.6,,,,,,,,0,,,,,,,,,,,
,710 PSME 10/4/20 13:14 NORTH,10/4/2020,13:14,North,710,Rivendell,Tree,Tree core,PSME,106.6,,,,,,,,0,,,,,,,,,,,
,710 PSME 10/4/20 13:18 EAST,10/4/2020,13:18,East,710,Rivendell,Tree,Tree core,PSME,106.6,,,,,,,,0,,,,,,,,,,,
,700 PSME 10/4/20 13:28 SOUTH,10/4/2020,13:28,South,700,Rivendell,Tree,Tree core,PSME,112.8,,,,,,,,0,,,,,,,,,,,
,700 PSME 10/4/20 13:31 WEST,10/4/2020,13:31,West,700,Rivendell,Tree,Tree core,PSME,112.8,,,,,,,,0,,,,,,,,,,,
,700 PSME 10/4/20 13:35 NORTH,10/4/2020,13:35,North,700,Rivendell,Tree,Tree core,PSME,112.8,,,,,,,,0,,,,,,,,,,,
,700 PSME 10/4/20 13:38 EAST,10/4/2020,13:38,East,700,Rivendell,Tree,Tree core,PSME,112.8,,,,,,,,0,,,,,,,,,,,
,64 PSME 10/4/20 13:43 SOUTH,10/4/2020,13:43,South,64,Rivendell,Tree,Tree core,PSME,70.7,,,,,,,,0,,,,,,,,,,,
,64 PSME 10/4/20 13:47 WEST,10/4/2020,13:47,West,64,Rivendell,Tree,Tree core,PSME,70.7,,,,,,,,0,,,,,,,,,,,
,64 PSME 10/4/20 13:50 NORTH,10/4/2020,13:50,North,64,Rivendell,Tree,Tree core,PSME,70.7,,,,,,,,0,,,,,,,,,,,
,64 PSME 10/4/20 13:53 EAST,10/4/2020,13:53,East,64,Rivendell,Tree,Tree core,PSME,70.7,,,,,,,,0,,,,,,,,,,,
,712 NODE 10/4/20 13:58 SOUTH,10/4/2020,13:58,South,712,Rivendell,Tree,Tree core,NODE,45.3,,,,,,,,0,,,,,,,,,,,
,712 NODE 10/4/20 14:03 WEST,10/4/2020,14:03,West,712,Rivendell,Tree,Tree core,NODE,45.3,,,,,,,,0,,,,,,,,,,,
,712 NODE 10/4/20 14:05 NORTH,10/4/2020,14:05,North,712,Rivendell,Tree,Tree core,NODE,45.3,,,,,,,,0,,,,,,,,,,,
,712 NODE 10/4/20 14:09 EAST,10/4/2020,14:09,East,712,Rivendell,Tree,Tree core,NODE,45.3,,,,,,,,0,,,,,,,,,,,
,713 QU 10/4/20 14:42 SOUTH,10/4/2020,14:42,South,713,Rivendell,Tree,Tree core,QU,46.3,,,,,,,,0,,,,,,,,,,,
,713 QU 10/4/20 14:46 WEST,10/4/2020,14:46,West,713,Rivendell,Tree,Tree core,QU,46.3,,,,,,,,0,,,,,,,,,,,
,713 QU 10/4/20 14:49 NORTH,10/4/2020,14:49,North,713,Rivendell,Tree,Tree core,QU,46.3,,,,,,,,0,,,,,,,,,,,
,713 QU 10/4/20 14:53 EAST,10/4/2020,14:53,East,713,Rivendell,Tree,Tree core,QU,46.3,,,,,,,,0,,,,,,,,,,,
,714 PSME 10/4/20 14:58 WEST,10/4/2020,14:58,West,714,Rivendell,Tree,Tree core,PSME,59.2,,,,,,,,0,,,,,,,,,,,
,714 PSME 10/4/20 15:02 NORTH,10/4/2020,15:02,North,714,Rivendell,Tree,Tree core,PSME,59.2,,,,,,,,0,,,,,,,,,,,
,714 PSME 10/4/20 15:06 EAST,10/4/2020,15:06,East,714,Rivendell,Tree,Tree core,PSME,59.2,,,,,,,,0,,,,,,,,,,,
,714 PSME 10/4/20 15:10 SOUTH,10/4/2020,15:10,South,714,Rivendell,Tree,Tree core,PSME,59.2,,,,,,,,0,,,,,,,,,,,
,715 QU 10/4/20 15:16 WEST,10/4/2020,15:16,West,715,Rivendell,Tree,Tree core,QU,26.3,,,,,,,,0,,,,,,,,,,,
,715 QU 10/4/20 15:23 NORTH,10/4/2020,15:23,North,715,Rivendell,Tree,Tree core,QU,26.3,,,,,,,,0,,,,,,,,,,,
,715 QU 10/4/20 15:27 EAST,10/4/2020,15:27,East,715,Rivendell,Tree,Tree core,QU,26.3,,,,,,,,0,,,,,,,,,,,
,715 QU 10/4/20 15:32 SOUTH,10/4/2020,15:32,South,715,Rivendell,Tree,Tree core,QU,26.3,,,,,,,,0,,,,,,,,,,,
,711 NODE 10/4/20 15:37 EAST,10/4/2020,15:37,East,711,Rivendell,Tree,Tree core,NODE,32.6,,,,,,,,0,,,,,,,,,,,
,711 NODE 10/4/20 15:40 SOUTH,10/4/2020,15:40,South,711,Rivendell,Tree,Tree core,NODE,32.6,,,,,,,,0,,,,,,,,,,,
,711 NODE 10/4/20 15:43 WEST,10/4/2020,15:43,West,711,Rivendell,Tree,Tree core,NODE,32.6,,,,,,,,0,,,,,,,,,,,
,711 NODE 10/4/20 15:47 NORTH,10/4/2020,15:47,North,711,Rivendell,Tree,Tree core,NODE,32.6,,,,,,,,0,,,,,,,,,,,
,11/22/20 10:18 619 PSME SOUTH,11/22/2020,10:18,South,619,Rivendell,Tree,Tree core,PSME,101.8,,,,,,,,0,,,,,,,,,,,
,11/22/20 10:21 619 PSME WEST,11/22/2020,10:21,West,619,Rivendell,Tree,Tree core,PSME,101.8,,,,,,,,0,,,,,,,,,,,
,11/22/20 10:24 619 PSME NORTH,11/22/2020,10:24,North,619,Rivendell,Tree,Tree core,PSME,101.8,,,,,,,,0,,,,,,,,,,,
,11/22/20 10:29 619 PSME EAST,11/22/2020,10:29,East,619,Rivendell,Tree,Tree core,PSME,101.8,,,,,,,,0,,,,,,,,,,,
,11/22/20 10:36 710 PSME SOUTH,11/22/2020,10:36,South,710,Rivendell,Tree,Tree core,PSME,106.6,,,,,,,,0,,,,,,,,,,,
,11/22/20 10:40 710 PSME WEST,11/22/2020,10:40,West,710,Rivendell,Tree,Tree core,PSME,106.6,,,,,,,,0,,,,,,,,,,,
,11/22/20 10:43 710 PSME NORTH,11/22/2020,10:43,North,710,Rivendell,Tree,Tree core,PSME,106.6,,,,,,,,0,,,,,,,,,,,
,11/22/20 10:46 710 PSME EAST,11/22/2020,10:46,East,710,Rivendell,Tree,Tree core,PSME,106.6,,,,,,,,0,,,,,,,,,,,
,11/22/20 10:50 64 PSME SOUTH,11/22/2020,10:54,South,64,Rivendell,Tree,Tree core,PSME,70.7,,,,,,,,0,,,,,,,,,,,
,11/22/20 10:55 64 PSME WEST,11/22/2020,10:55,West,64,Rivendell,Tree,Tree core,PSME,70.7,,,,,,,,0,,,,,,,,,,,
,11/22/20 10:58 64 PSME NORTH,11/22/2020,10:58,North,64,Rivendell,Tree,Tree core,PSME,70.7,,,,,,,,0,,,,,,,,,,,
,11/22/20 11:02 64 PSME EAST,11/22/2020,11:02,East,64,Rivendell,Tree,Tree core,PSME,70.7,,,,,,,,0,,,,,,,,,,,
,11/22/20 11:07 712 NODE SOUTH,11/22/2020,11:07,South,712,Rivendell,Tree,Tree core,NODE,45.3,,,,,,,,0,,,,,,,,,,,
,11/22/20 11:09 712 NODE WEST,11/22/2020,11:09,West,712,Rivendell,Tree,Tree core,NODE,45.3,,,,,,,,0,,,,,,,,,,,
,11/22/20 11:13 712 NODE NORTH,11/22/2020,11:13,North,712,Rivendell,Tree,Tree core,NODE,45.3,,,,,,,,0,,,,,,,,,,,
,11/22/20 11:16 712 NODE EAST,11/22/2020,11:16,East,712,Rivendell,Tree,Tree core,NODE,45.3,,,,,,,,0,,,,,,,,,,,
,11/22/20 11:35 700 PSME SOUTH,11/22/2020,11:35,South,700,Rivendell,Tree,Tree core,PSME,112.8,,,,,,,,0,,,,,,,,,,,
,11/22/20 11:38 700 PSME WEST,11/22/2020,11:38,West,700,Rivendell,Tree,Tree core,PSME,112.8,,,,,,,,0,,,,,,,,,,,
,11/22/20 11:41 700 PSME NORTH,11/22/2020,11:41,North,700,Rivendell,Tree,Tree core,PSME,112.8,,,,,,,,0,,,,,,,,,,,
,11/22/20 11:43 700 PSME EAST,11/22/2020,11:43,East,700,Rivendell,Tree,Tree core,PSME,112.8,,,,,,,,0,,,,,,,,,,,
,11/22/20 11:55 713 QU SOUTH,11/22/2020,11:55,South,713,Rivendell,Tree,Tree core,QU,46.3,,,,,,,,0,,,,,,,,,,,
,11/22/20 11:58 713 QU WEST,11/22/2020,11:58,West,713,Rivendell,Tree,Tree core,QU,46.3,,,,,,,,0,,,,,,,,,,,
,11/22/20 12:01 713 QU NORTH,11/22/2020,12:01,North,713,Rivendell,Tree,Tree core,QU,46.3,,,,,,,,0,,,,,,,,,,,
,11/22/20 12:05 713 QU EAST,11/22/2020,12:05,East,713,Rivendell,Tree,Tree core,QU,46.3,,,,,,,,0,,,,,,,,,,,
,11/22/20 12:12 711 NODE SOUTH,11/22/2020,12:12,South,711,Rivendell,Tree,Tree core,NODE,32.6,,,,,,,,0,,,,,,,,,,,
,11/22/20 12:14 711 NODE WEST,11/22/2020,12:14,West,711,Rivendell,Tree,Tree core,NODE,32.6,,,,,,,,0,,,,,,,,,,,
,11/22/20 12:18 711 NODE NORTH,11/22/2020,12:18,North,711,Rivendell,Tree,Tree core,NODE,32.6,,,,,,,,0,,,,,,,,,,,
,11/22/20 12:20 711 NODE EAST,11/22/2020,12:20,East,711,Rivendell,Tree,Tree core,NODE,32.6,,,,,,,,0,,,,,,,,,,,
,715 QU EAST 11/22/20 12:25,11/22/2020,12:25,East,715,Rivendell,Tree,Tree core,QU,26.3,,,,,,,,0,,,,,,,,,,,
,11/22/20 12:33 715 QU SOUTH,11/22/2020,12:33,South,715,Rivendell,Tree,Tree core,QU,26.3,,,,,,,,0,,,,,,,,,,,
,11/22/20 12:40 715 QU WEST,11/22/2020,12:40,West,715,Rivendell,Tree,Tree core,QU,26.3,,,,,,,,0,,,,,,,,,,,
,11/22/20 12:44 715 QU NORTH,11/22/2020,12:44,North,715,Rivendell,Tree,Tree core,QU,26.3,,,,,,,,0,,,,,,,,,,,
,11/22/20 12:50 714 PSME SOUTH,11/22/2020,12:50,South,714,Rivendell,Tree,Tree core,PSME,59.2,,,,,,,,0,,,,,,,,,,,
,11/22/20 12:52 714 PSME WEST,11/22/2020,12:52,West,714,Rivendell,Tree,Tree core,PSME,59.2,,,,,,,,0,,,,,,,,,,,
,11/22/20 12:55 714 PSME NORTH,11/22/2020,12:55,North,714,Rivendell,Tree,Tree core,PSME,59.2,,,,,,,,0,,,,,,,,,,,
,11/22/20 12:57 714 PSME EAST,11/22/2020,12:57,East,714,Rivendell,Tree,Tree core,PSME,59.2,,,,,,,,0,,,,,,,,,,,
,715 QU 1/8/21 10:10 EAST,1/8/2021,10:10,East,715,Rivendell,Tree,Tree core,QU,26.3,,,,,,,,0,,,,,,,,,,,
,715 QU 1/8/21 10:18 SOUTH,1/8/2021,10:18,South,715,Rivendell,Tree,Tree core,QU,26.3,,,,,,,,0,,,,,,,,,,,
,715 QU 1/8/21 10:24 WEST,1/8/2021,10:24,West,715,Rivendell,Tree,Tree core,QU,26.3,,,,,,,,0,,,,,,,,,,,
,715 QU 1/8/21 10:27 NORTH,1/8/2021,10:27,North,715,Rivendell,Tree,Tree core,QU,26.3,,,,,,,,0,,,,,,,,,,,
,711 NODE 1/8/21 10:44 EAST,1/8/2021,10:44,East,711,Rivendell,Tree,Tree core,NODE,32.6,,,,,,,,0,,,,,,,,,,,
,711 NODE 1/8/21 10:47 SOUTH,1/8/2021,10:47,South,711,Rivendell,Tree,Tree core,NODE,32.6,,,,,,,,0,,,,,,,,,,,
,711 NODE 1/8/21 10:51 WEST,1/8/2021,10:51,West,711,Rivendell,Tree,Tree core,NODE,32.6,,,,,,,,0,,,,,,,,,,,
,711 NODE 1/8/21 10:54 NORTH,1/8/2021,10:54,North,711,Rivendell,Tree,Tree core,NODE,32.6,,,,,,,,0,,,,,,,,,,,
,714 PSME 1/8/21 10:59 EAST,1/8/2021,10:59,East,714,Rivendell,Tree,Tree core,PSME,59.2,,,,,,,,0,,,,,,,,,,,
,714 PSME 1/8/21 11:03 SOUTH,1/8/2021,11:03,South,714,Rivendell,Tree,Tree core,PSME,59.2,,,,,,,,0,,,,,,,,,,,
,714 PSME 1/8/21 11:07 WEST,1/8/2021,11:07,West,714,Rivendell,Tree,Tree core,PSME,59.2,,,,,,,,0,,,,,,,,,,,
,714 PSME 1/8/21 11:10 NORTH,1/8/2021,11:10,North,714,Rivendell,Tree,Tree core,PSME,59.2,,,,,,,,0,,,,,,,,,,,
,713 QU 1/8/21 11:19 EAST,1/8/2021,11:19,East,713,Rivendell,Tree,Tree core,QU,46.3,,,,,,,,0,,,,,,,,,,,
,713 QU 1/8/21 11:23 SOUTH,1/8/2021,11:23,South,713,Rivendell,Tree,Tree core,QU,46.3,,,,,,,,0,,,,,,,,,,,
,713 QU 1/8/21 11:28 WEST,1/8/2021,11:28,West,713,Rivendell,Tree,Tree core,QU,46.3,,,,,,,,0,,,,,,,,,,,
,713 QU 1/8/21 11:33 NORTH,1/8/2021,11:33,North,713,Rivendell,Tree,Tree core,QU,46.3,,,,,,,,0,,,,,,,,,,,
,712 NODE 1/8/21 11:39 EAST,1/8/2021,11:39,East,712,Rivendell,Tree,Tree core,NODE,45.3,,,,,,,,0,,,,,,,,,,,
,712 NODE 1/8/21 11:42 SOUTH,1/8/2021,11:42,South,712,Rivendell,Tree,Tree core,NODE,45.3,,,,,,,,0,,,,,,,,,,,
,712 NODE 1/8/21 11:45 WEST,1/8/2021,11:45,West,712,Rivendell,Tree,Tree core,NODE,45.3,,,,,,,,0,,,,,,,,,,,
,712 NODE 1/8/21 11:48 NORTH,1/8/2021,11:48,North,712,Rivendell,Tree,Tree core,NODE,45.3,,,,,,,,0,,,,,,,,,,,
,64 PSME 1/8/21 11:54 EAST,1/8/2021,11:54,East,64,Rivendell,Tree,Tree core,PSME,70.7,,,,,,,,0,,,,,,,,,,,
,64 PSME 1/8/21 11:57 SOUTH,1/8/2021,11:57,South,64,Rivendell,Tree,Tree core,PSME,70.7,,,,,,,,0,,,,,,,,,,,
,64 PSME 1/8/21 12:01 WEST,1/8/2021,12:01,West,64,Rivendell,Tree,Tree core,PSME,70.7,,,,,,,,0,,,,,,,,,,,
,64 PSME 1/8/21 12:04 NORTH,1/8/2021,12:04,North,64,Rivendell,Tree,Tree core,PSME,70.7,,,,,,,,0,,,,,,,,,,,
,700 PSME 1/8/21 12:09 SOUTH,1/8/2021,12:09,South,700,Rivendell,Tree,Tree core,PSME,112.8,,,,,,,,0,,,,,,,,,,,
,700 PSME 1/8/21 12:12 WEST,1/8/2021,12:12,West,700,Rivendell,Tree,Tree core,PSME,112.8,,,,,,,,0,,,,,,,,,,,
,700 PSME 1/8/21 12:14 NORTH,1/8/2021,12:14,North,700,Rivendell,Tree,Tree core,PSME,112.8,,,,,,,,0,,,,,,,,,,,
,700 PSME 1/8/21 12:17 EAST,1/8/2021,12:17,East,700,Rivendell,Tree,Tree core,PSME,112.8,,,,,,,,0,,,,,,,,,,,
,710 PSME 1/8/21 12:22 SOUTH,1/8/2021,12:22,South,710,Rivendell,Tree,Tree core,PSME,106.6,,,,,,,,0,,,,,,,,,,,
,710 PSME 1/8/21 12:25 WEST,1/8/2021,12:25,West,710,Rivendell,Tree,Tree core,PSME,106.6,,,,,,,,0,,,,,,,,,,,
,710 PSME 1/8/21 12:28 NORTH,1/8/2021,12:28,North,710,Rivendell,Tree,Tree core,PSME,106.6,,,,,,,,0,,,,,,,,,,,
,710 PSME 1/8/21 12:31 EAST,1/8/2021,12:31,East,710,Rivendell,Tree,Tree core,PSME,106.6,,,,,,,,0,,,,,,,,,,,
,619 PSME 1/8/21 12:39 SOUTH,1/8/2021,12:39,South,619,Rivendell,Tree,Tree core,PSME,101.8,,,,,,,,0,,,,,,,,,,,
,619 PSME 1/8/21 12:42 WEST,1/8/2021,12:42,West,619,Rivendell,Tree,Tree core,PSME,101.8,,,,,,,,0,,,,,,,,,,,
,619 PSME 1/8/21 12:45 NORTH,1/8/2021,12:45,North,619,Rivendell,Tree,Tree core,PSME,101.8,,,,,,,,0,,,,,,,,,,,
,619 PSME 1/8/21 12:48 EAST,1/8/2021,12:48,East,619,Rivendell,Tree,Tree core,PSME,101.8,,,,,,,,0,,,,,,,,,,,
,715 QU 3/7/21 11:10 EAST,3/7/2021,11:10,East,715,Rivendell,Tree,Tree core,QU,26.3,,,,,,,,0,,,,,,,,,,,
,715 QU 3/7/21 11:10 WEST,3/7/2021,11:10,West,715,Rivendell,Tree,Tree core,QU,26.3,,,,,,,,0,,,,,,,,,,,
,715 QU 3/7/21 11:19 NORTH,3/7/2021,11:19,North,715,Rivendell,Tree,Tree core,QU,26.3,,,,,,,,0,,,,,,,,,,,
,715 QU 3/7/21 11:21 SOUTH,3/7/2021,11:21,South,715,Rivendell,Tree,Tree core,QU,26.3,,,,,,,,0,,,,,,,,,,,
,711 NODE 3/7/21 11:30 EAST,3/7/2021,11:30,East,711,Rivendell,Tree,Tree core,NODE,32.6,,,,,,,,0,,,,,,,,,,,
,711 NODE 3/7/21 11:30 WEST,3/7/2021,11:30,West,711,Rivendell,Tree,Tree core,NODE,32.6,,,,,,,,0,,,,,,,,,,,
,711 NODE 3/7/21 11:35 NORTH,3/7/2021,11:35,North,711,Rivendell,Tree,Tree core,NODE,32.6,,,,,,,,0,,,,,,,,,,,
,711 NODE 3/7/21 11:35 SOUTH,3/7/2021,11:35,South,711,Rivendell,Tree,Tree core,NODE,32.6,,,,,,,,0,,,,,,,,,,,
,714 PSME 3/7/21 11:45 EAST,3/7/2021,11:45,East,714,Rivendell,Tree,Tree core,PSME,59.2,,,,,,,,0,,,,,,,,,,,
,714 PSME 3/7/21 11:45 WEST,3/7/2021,11:45,West,714,Rivendell,Tree,Tree core,PSME,59.2,,,,,,,,0,,,,,,,,,,,
,714 PSME 3/7/21 11:51 SOUTH,3/7/2021,11:51,South,714,Rivendell,Tree,Tree core,PSME,59.2,,,,,,,,0,,,,,,,,,,,
,714 PSME 3/7/21 11:58 NORTH,3/7/2021,11:58,North,714,Rivendell,Tree,Tree core,PSME,59.2,,,,,,,,0,,,,,,,,,,,
,619 PSME 3/7/21 12:09 SOUTH,3/7/2021,12:09,South,619,Rivendell,Tree,Tree core,PSME,101.8,,,,,,,,0,,,,,,,,,,,
,713 QU 3/7/21 12:09 WEST,3/7/2021,12:09,West,713,Rivendell,Tree,Tree core,QU,46.3,,,,,,,,0,,,,,,,,,,,
,619 PSME 3/7/21 12:11 WEST,3/7/2021,12:11,West,619,Rivendell,Tree,Tree core,PSME,101.8,,,,,,,,0,,,,,,,,,,,
,619 PSME 3/7/21 12:13 NORTH,3/7/2021,12:13,North,619,Rivendell,Tree,Tree core,PSME,101.8,,,,,,,,0,,,,,,,,,,,
,713 QU 3/7/21 12:14 SOUTH,3/7/2021,12:14,South,713,Rivendell,Tree,Tree core,QU,46.3,,,,,,,,0,,,,,,,,,,,
,619 PSME 3/7/21 12:16 EAST,3/7/2021,12:16,East,619,Rivendell,Tree,Tree core,PSME,101.8,,,,,,,,0,,,,,,,,,,,
,713 QU 3/7/21 12:20 EAST,3/7/2021,12:20,East,713,Rivendell,Tree,Tree core,QU,46.3,,,,,,,,0,,,,,,,,,,,
,713 QU 3/7/21 12:24 NORTH,3/7/2021,12:24,North,713,Rivendell,Tree,Tree core,QU,46.3,,,,,,,,0,,,,,,,,,,,
,712 NODE 3/7/21 12:31 SOUTH,3/7/2021,12:31,South,712,Rivendell,Tree,Tree core,NODE,45.3,,,,,,,,0,,,,,,,,,,,
,712 NODE 3/7/21 12:33 WEST,3/7/2021,12:33,West,712,Rivendell,Tree,Tree core,NODE,45.3,,,,,,,,0,,,,,,,,,,,
,712 NODE 3/7/21 12:39 EAST,3/7/2021,12:39,East,712,Rivendell,Tree,Tree core,NODE,45.3,,,,,,,,0,,,,,,,,,,,
,712 NODE 3/7/21 12:39 NORTH,3/7/2021,12:39,North,712,Rivendell,Tree,Tree core,NODE,45.3,,,,,,,,0,,,,,,,,,,,
,700 PSME 3/7/21 12:46 EAST,3/7/2021,12:46,East,700,Rivendell,Tree,Tree core,PSME,112.8,,,,,,,,0,,,,,,,,,,,
,700 PSME 3/7/21 12:46 SOUTH,3/7/2021,12:46,South,700,Rivendell,Tree,Tree core,PSME,112.8,,,,,,,,0,,,,,,,,,,,
,700 PSME 3/7/21 12:52 NORTH,3/7/2021,12:52,North,700,Rivendell,Tree,Tree core,PSME,112.8,,,,,,,,0,,,,,,,,,,,
,700 PSME 3/7/21 12:52 WEST,3/7/2021,12:52,West,700,Rivendell,Tree,Tree core,PSME,112.8,,,,,,,,0,,,,,,,,,,,
,64 PSME 3/7/21 13:01 EAST,3/7/2021,13:01,East,64,Rivendell,Tree,Tree core,PSME,70.7,,,,,,,,0,,,,,,,,,,,
,64 PSME 3/7/21 13:01 WEST,3/7/2021,13:01,West,64,Rivendell,Tree,Tree core,PSME,70.7,,,,,,,,0,,,,,,,,,,,
,64 PSME 3/7/21 13:07 NORTH,3/7/2021,13:07,North,64,Rivendell,Tree,Tree core,PSME,70.7,,,,,,,,0,,,,,,,,,,,
,64 PSME 3/7/21 13:07 SOUTH,3/7/2021,13:07,South,64,Rivendell,Tree,Tree core,PSME,70.7,,,,,,,,0,,,,,,,,,,,
,710 PSME 3/7/21 13:15 NORTH,3/7/2021,13:15,North,710,Rivendell,Tree,Tree core,PSME,106.6,,,,,,,,0,,,,,,,,,,,
,710 PSME 3/7/21 13:15 SOUTH,3/7/2021,13:15,South,710,Rivendell,Tree,Tree core,PSME,106.6,,,,,,,,0,,,,,,,,,,,
,710 PSME 3/7/21 13:22 EAST,3/7/2021,13:22,East,710,Rivendell,Tree,Tree core,PSME,106.6,,,,,,,,0,,,,,,,,,,,
,710 PSME 3/7/21 13:22 WEST,3/7/2021,13:22,West,710,Rivendell,Tree,Tree core,PSME,106.6,,,,,,,,0,,,,,,,,,,,
,715 QU 6/25/21 8:43 EAST,6/25/2021,8:43,East,715,Rivendell,Tree,Tree core,QU,26.3,,,,,,,,0,,,,,,,,,,,
,715 QU 6/25/21 8:46 SOUTH,6/25/2021,8:46,South,715,Rivendell,Tree,Tree core,QU,26.3,,,,,,,,0,,,,,,,,,,,
,715 QU 6/25/21 8:49 WEST,6/25/2021,8:49,West,715,Rivendell,Tree,Tree core,QU,26.3,,,,,,,,0,,,,,,,,,,,
,715 QU 6/25/21 8:51 NORTH,6/25/2021,8:51,North,715,Rivendell,Tree,Tree core,QU,26.3,,,,,,,,0,,,,,,,,,,,
,711 NODE 6/25/21 8:54 EAST,6/25/2021,8:54,East,711,Rivendell,Tree,Tree core,NODE,32.6,,,,,,,,0,,,,,,,,,,,
,711 NODE 6/25/21 8:56 SOUTH,6/25/2021,8:56,South,711,Rivendell,Tree,Tree core,NODE,32.6,,,,,,,,0,,,,,,,,,,,
,711 NODE 6/25/21 8:59 WEST,6/25/2021,8:59,West,711,Rivendell,Tree,Tree core,NODE,32.6,,,,,,,,0,,,,,,,,,,,
,711 NODE 6/25/21 9:01 NORTH,6/25/2021,9:01,North,711,Rivendell,Tree,Tree core,NODE,32.6,,,,,,,,0,,,,,,,,,,,
,714 PSME 6/25/21 9:04 EAST,6/25/2021,9:04,East,714,Rivendell,Tree,Tree core,PSME,59.2,,,,,,,,0,,,,,,,,,,,
,714 PSME 6/25/21 9:07 SOUTH,6/25/2021,9:07,South,714,Rivendell,Tree,Tree core,PSME,59.2,,,,,,,,0,,,,,,,,,,,
,714 PSME 6/25/21 9:09 WEST,6/25/2021,9:09,West,714,Rivendell,Tree,Tree core,PSME,59.2,,,,,,,,0,,,,,,,,,,,
,714 PSME 6/25/21 9:11 NORTH,6/25/2021,9:11,North,714,Rivendell,Tree,Tree core,PSME,59.2,,,,,,,,0,,,,,,,,,,,
,713 QU 6/25/21 9:16 EAST,6/25/2021,9:16,East,713,Rivendell,Tree,Tree core,QU,46.3,,,,,,,,0,,,,,,,,,,,
,713 QU 6/25/21 9:18 SOUTH,6/25/2021,9:18,South,713,Rivendell,Tree,Tree core,QU,46.3,,,,,,,,0,,,,,,,,,,,
,713 QU 6/25/21 9:21 WEST,6/25/2021,9:21,West,713,Rivendell,Tree,Tree core,QU,46.3,,,,,,,,0,,,,,,,,,,,
,713 QU 6/25/21 9:24 NORTH,6/25/2021,9:24,North,713,Rivendell,Tree,Tree core,QU,46.3,,,,,,,,0,,,,,,,,,,,
,712 NODE 6/25/21 9:27 EAST,6/25/2021,9:27,East,712,Rivendell,Tree,Tree core,NODE,45.3,,,,,,,,0,,,,,,,,,,,
,712 NODE 6/25/21 9:30 SOUTH,6/25/2021,9:30,South,712,Rivendell,Tree,Tree core,NODE,45.3,,,,,,,,0,,,,,,,,,,,
,712 NODE 6/25/21 9:32 WEST,6/25/2021,9:32,West,712,Rivendell,Tree,Tree core,NODE,45.3,,,,,,,,0,,,,,,,,,,,
,712 NODE 6/25/21 9:34 NORTH,6/25/2021,9:34,North,712,Rivendell,Tree,Tree core,NODE,45.3,,,,,,,,0,,,,,,,,,,,
,64 PSME 6/25/21 9:38 EAST,6/25/2021,9:38,East,64,Rivendell,Tree,Tree core,PSME,70.7,,,,,,,,0,,,,,,,,,,,
,64 PSME 6/25/21 9:40 SOUTH,6/25/2021,9:40,South,64,Rivendell,Tree,Tree core,PSME,70.7,,,,,,,,0,,,,,,,,,,,
,64 PSME 6/25/21 9:42 WEST,6/25/2021,9:42,West,64,Rivendell,Tree,Tree core,PSME,70.7,,,,,,,,0,,,,,,,,,,,
,64 PSME 6/25/21 9:45 NORTH,6/25/2021,9:45,North,64,Rivendell,Tree,Tree core,PSME,70.7,,,,,,,,0,,,,,,,,,,,
,700 PSME 6/25/21 9:50 EAST,6/25/2021,9:50,East,700,Rivendell,Tree,Tree core,PSME,112.8,,,,,,,,0,,,,,,,,,,,
,700 PSME 6/25/21 9:52 SOUTH,6/25/2021,9:52,South,700,Rivendell,Tree,Tree core,PSME,112.8,,,,,,,,0,,,,,,,,,,,
,700 PSME 6/25/21 9:54 WEST,6/25/2021,9:54,West,700,Rivendell,Tree,Tree core,PSME,112.8,,,,,,,,0,,,,,,,,,,,
,700 PSME 6/25/21 9:57 NORTH,6/25/2021,9:57,North,700,Rivendell,Tree,Tree core,PSME,112.8,,,,,,,,0,,,,,,,,,,,
,710 PSME 6/25/21 10:00 SOUTH,6/25/2021,10:00,South,710,Rivendell,Tree,Tree core,PSME,106.6,,,,,,,,0,,,,,,,,,,,
,710 PSME 6/25/21 10:03 WEST,6/25/2021,10:03,West,710,Rivendell,Tree,Tree core,PSME,106.6,,,,,,,,0,,,,,,,,,,,
,710 PSME 6/25/21 10:05 NORTH,6/25/2021,10:05,North,710,Rivendell,Tree,Tree core,PSME,106.6,,,,,,,,0,,,,,,,,,,,
,710 PSME 6/25/21 10:07 EAST,6/25/2021,10:07,East,710,Rivendell,Tree,Tree core,PSME,106.6,,,,,,,,0,,,,,,,,,,,
,619 PSME 6/25/21 10:11 SOUTH,6/25/2021,10:11,South,619,Rivendell,Tree,Tree core,PSME,101.8,,,,,,,,0,,,,,,,,,,,
,619 PSME 6/25/21 10:13 WEST,6/25/2021,10:13,West,619,Rivendell,Tree,Tree core,PSME,101.8,,,,,,,,0,,,,,,,,,,,
,619 PSME 6/25/21 10:15 NORTH,6/25/2021,10:15,North,619,Rivendell,Tree,Tree core,PSME,101.8,,,,,,,,0,,,,,,,,,,,
,619 PSME 6/25/21 10:17 EAST,6/25/2021,10:17,East,619,Rivendell,Tree,Tree core,PSME,101.8,,,,,,,,0,,,,,,,,,,,
,619 PSME 7/27/21 11:44 SOUTH,7/27/2021,11:44,South,619,Rivendell,Tree,Tree core,PSME,101.8,,,,,,,,0,,,,,,,,,,,
,619 PSME 7/27/21 11:45 WEST,7/27/2021,11:45,West,619,Rivendell,Tree,Tree core,PSME,101.8,,,,,,,,0,,,,,,,,,,,
,619 PSME 7/27/21 11:47 NORTH,7/27/2021,11:47,North,619,Rivendell,Tree,Tree core,PSME,101.8,,,,,,,,0,,,,,,,,,,,
,619 PSME 7/27/21 11:49 EAST,7/27/2021,11:49,East,619,Rivendell,Tree,Tree core,PSME,101.8,,,,,,,,0,,,,,,,,,,,
,710 PSME 7/27/21 11:53 SOUTH,7/27/2021,11:53,South,710,Rivendell,Tree,Tree core,PSME,106.6,,,,,,,,0,,,,,,,,,,,
,710 PSME 7/27/21 11:55 WEST,7/27/2021,11:55,West,710,Rivendell,Tree,Tree core,PSME,106.6,,,,,,,,0,,,,,,,,,,,
,710 PSME 7/27/21 11:57 NORTH,7/27/2021,11:57,North,710,Rivendell,Tree,Tree core,PSME,106.6,,,,,,,,0,,,,,,,,,,,
,710 PSME 7/27/21 11:59 EAST,7/27/2021,11:59,East,710,Rivendell,Tree,Tree core,PSME,106.6,,,,,,,,0,,,,,,,,,,,
,700 PSME 7/27/21 12:05 SOUTH,7/27/2021,12:05,South,700,Rivendell,Tree,Tree core,PSME,112.8,,,,,,,,0,,,,,,,,,,,
,700 PSME 7/27/21 12:07 WEST,7/27/2021,12:07,West,700,Rivendell,Tree,Tree core,PSME,112.8,,,,,,,,0,,,,,,,,,,,
,700 PSME 7/27/21 12:09 NORTH,7/27/2021,12:09,North,700,Rivendell,Tree,Tree core,PSME,112.8,,,,,,,,0,,,,,,,,,,,
,700 PSME 7/27/21 12:11 EAST,7/27/2021,12:11,East,700,Rivendell,Tree,Tree core,PSME,112.8,,,,,,,,0,,,,,,,,,,,
,64 PSME 7/27/21 12:13 SOUTH,7/27/2021,12:13,South,64,Rivendell,Tree,Tree core,PSME,70.7,,,,,,,,0,,,,,,,,,,,
,64 PSME 7/27/21 12:15 WEST,7/27/2021,12:15,West,64,Rivendell,Tree,Tree core,PSME,70.7,,,,,,,,0,,,,,,,,,,,
,64 PSME 7/27/21 12:17 NORTH,7/27/2021,12:17,North,64,Rivendell,Tree,Tree core,PSME,70.7,,,,,,,,0,,,,,,,,,,,
,64 PSME 7/27/21 12:19 EAST,7/27/2021,12:19,East,64,Rivendell,Tree,Tree core,PSME,70.7,,,,,,,,0,,,,,,,,,,,
,712 NODE 7/27/21 12:22 EAST,7/27/2021,12:22,East,712,Rivendell,Tree,Tree core,NODE,45.3,,,,,,,,0,,,,,,,,,,,
,712 NODE 7/27/21 12:24 SOUTH,7/27/2021,12:24,South,712,Rivendell,Tree,Tree core,NODE,45.3,,,,,,,,0,,,,,,,,,,,
,712 NODE 7/27/21 12:26 WEST,7/27/2021,12:26,West,712,Rivendell,Tree,Tree core,NODE,45.3,,,,,,,,0,,,,,,,,,,,
,712 NODE 7/27/21 12:28 NORTH,7/27/2021,12:28,North,712,Rivendell,Tree,Tree core,NODE,45.3,,,,,,,,0,,,,,,,,,,,
,713 QU 7/27/21 12:43 SOUTH,7/27/2021,12:43,South,713,Rivendell,Tree,Tree core,QU,46.3,,,,,,,,0,,,,,,,,,,,
,713 QU 7/27/21 12:45 WEST,7/27/2021,12:45,West,713,Rivendell,Tree,Tree core,QU,46.3,,,,,,,,0,,,,,,,,,,,
,713 QU 7/27/21 12:47 NORTH,7/27/2021,12:47,North,713,Rivendell,Tree,Tree core,QU,46.3,,,,,,,,0,,,,,,,,,,,
,713 QU 7/27/21 12:49 EAST,7/27/2021,12:49,East,713,Rivendell,Tree,Tree core,QU,46.3,,,,,,,,0,,,,,,,,,,,
,711 NODE 7/27/21 12:52 SOUTH,7/27/2021,12:52,South,711,Rivendell,Tree,Tree core,NODE,32.6,,,,,,,,0,,,,,,,,,,,
,711 NODE 7/27/21 12:54 WEST,7/27/2021,12:54,West,711,Rivendell,Tree,Tree core,NODE,32.6,,,,,,,,0,,,,,,,,,,,
,711 NODE 7/27/21 12:56 NORTH,7/27/2021,12:56,North,711,Rivendell,Tree,Tree core,NODE,32.6,,,,,,,,0,,,,,,,,,,,
,711 NODE 7/27/21 12:58 EAST,7/27/2021,12:58,East,711,Rivendell,Tree,Tree core,NODE,32.6,,,,,,,,0,,,,,,,,,,,
,715 QU 7/27/21 13:01 EAST,7/27/2021,13:01,East,715,Rivendell,Tree,Tree core,QU,26.3,,,,,,,,0,,,,,,,,,,,
,715 QU 7/27/21 13:03 SOUTH,7/27/2021,13:03,South,715,Rivendell,Tree,Tree core,QU,26.3,,,,,,,,0,,,,,,,,,,,
,715 QU 7/27/21 13:06 WEST,7/27/2021,13:06,West,715,Rivendell,Tree,Tree core,QU,26.3,,,,,,,,0,,,,,,,,,,,
,715 QU 7/27/21 13:08 NORTH,7/27/2021,13:08,North,715,Rivendell,Tree,Tree core,QU,26.3,,,,,,,,0,,,,,,,,,,,
,714 PSME 7/27/21 13:11 EAST,7/27/2021,13:11,East,714,Rivendell,Tree,Tree core,PSME,59.2,,,,,,,,0,,,,,,,,,,,
,714 PSME 7/27/21 13:13 SOUTH,7/27/2021,13:13,South,714,Rivendell,Tree,Tree core,PSME,59.2,,,,,,,,0,,,,,,,,,,,
,714 PSME 7/27/21 13:15 WEST,7/27/2021,13:15,West,714,Rivendell,Tree,Tree core,PSME,59.2,,,,,,,,0,,,,,,,,,,,
,714 PSME 7/27/21 13:17 NORTH,7/27/2021,13:17,North,714,Rivendell,Tree,Tree core,PSME,59.2,,,,,,,,0,,,,,,,,,,,
7300,9/28/21 13:40 714 PSME W CORE HJ,9/28/2021,13:40,West,714,Rivendell,Tree,Tree core,PSME,59.2,,,,,Cen,5160,-2.5,0,1800,0,0,6.621,6.621,0,0,1.0997,0.5202,1.6199,
7300,9/28/21 13:40 714 PSME W CORE HJ,9/28/2021,13:40,West,714,Rivendell,Tree,Tree core,PSME,59.2,,,,,Cen,5160,-2.5,0,1800,1800,30,6.6218,6.621,0.0008,1,1.0997,0.5202,1.6199,
7300,9/28/21 13:40 714 PSME W CORE HJ,9/28/2021,13:40,West,714,Rivendell,Tree,Tree core,PSME,59.2,,,,,Cen,5160,-2.5,0,1800,3600,60,6.6218,6.621,0.0008,2,1.0997,0.5202,1.6199,
7300,9/28/21 13:40 714 PSME W CORE HJ,9/28/2021,13:40,West,714,Rivendell,Tree,Tree core,PSME,59.2,,,,,Cen,5160,-2.5,0,1800,5400,90,6.6236,6.621,0.0026,3,1.0997,0.5202,1.6199,
7300,9/28/21 13:40 714 PSME W CORE HJ,9/28/2021,13:40,West,714,Rivendell,Tree,Tree core,PSME,59.2,,,,,Cen,5160,-2.5,0,1800,7200,120,6.6233,6.621,0.0023,4,1.0997,0.5202,1.6199,
7300,9/28/21 13:40 714 PSME W CORE HJ,9/28/2021,13:40,West,714,Rivendell,Tree,Tree core,PSME,59.2,,,,,Cen,5160,-2.5,0,1800,9000,150,6.6237,6.621,0.0027,5,1.0997,0.5202,1.6199,
7303,9/28/21 15:07 619 PSME E CORE HJ,9/28/2021,15:07,East,619,Rivendell,Tree,Tree core,PSME,101.8,,,,,Cryo,,,0,,,,,,,,,,,
,9/28/21 13:06 715 QU CORE E,9/28/2021,13:06,East,715,Rivendell,Tree,Tree core,QU,26.3,,,,,,,,0,,,,,,,,,,,
,9/28/21 715 13:09 SOUTH HJ CORE,9/28/2021,13:09,South,715,Rivendell,Tree,Tree core,QU,26.3,,,,,,,,0,,,,,,,,,,,
,9/28/21 13:12 715 QU WEST CORE HJ,9/28/2021,13:12,West,715,Rivendell,Tree,Tree core,QU,26.3,,,,,,,,0,,,,,,,,,,,
,9/28/21 13:15 715 QU N CORE HJ,9/28/2021,13:15,North,715,Rivendell,Tree,Tree core,QU,26.3,,,,,,,,0,,,,,,,,,,,
,9/28/21 13:22 711 NODE E CORE HJ,9/28/2021,13:22,East,711,Rivendell,Tree,Tree core,NODE,32.6,,,,,,,,0,,,,,,,,,,,
,9/28/21 13:24 711 NODE S CORE HJ,9/28/2021,13:24,South,711,Rivendell,Tree,Tree core,NODE,32.6,,,,,,,,0,,,,,,,,,,,
,9/28/21 13:26 711 NODE W CORE HJ,9/28/2021,13:26,West,711,Rivendell,Tree,Tree core,NODE,32.6,,,,,,,,0,,,,,,,,,,,
,9/28/21 13:29 711 NODE N CORE HJ,9/28/2021,13:29,North,711,Rivendell,Tree,Tree core,NODE,32.6,,,,,,,,0,,,,,,,,,,,
,9/28/21 13:47 700 PSME S CORE HJ,9/28/2021,13:47,South,700,Rivendell,Tree,Tree core,PSME,112.8,,,,,,,,0,,,,,,,,,,,
,9/28/21 13:49 700 PSME W CORE HJ,9/28/2021,13:49,West,700,Rivendell,Tree,Tree core,PSME,112.8,,,,,,,,0,,,,,,,,,,,
,9/28/21 13:52 700 PSME N CORE HJ,9/28/2021,13:52,North,700,Rivendell,Tree,Tree core,PSME,112.8,,,,,,,,0,,,,,,,,,,,
,9/28/21 13:55 700 PSME E CORE HJ,9/28/2021,13:55,East,700,Rivendell,Tree,Tree core,PSME,112.8,,,,,,,,0,,,,,,,,,,,
,64 9/28/21 14:00 PSME HJ S CORE,9/28/2021,14:00,South,64,Rivendell,Tree,Tree core,PSME,70.7,,,,,,,,0,,,,,,,,,,,
,9/28/21 14:02 64 PSME HJ W CORE,9/28/2021,14:02,West,64,Rivendell,Tree,Tree core,PSME,70.7,,,,,,,,0,,,,,,,,,,,
,9/28/21 14:04 64 PSME N CORE HJ,9/28/2021,14:04,North,64,Rivendell,Tree,Tree core,PSME,70.7,,,,,,,,0,,,,,,,,,,,
,9/28/21 14:07 64 PSME E CORE HJ,9/28/2021,14:07,East,64,Rivendell,Tree,Tree core,PSME,70.7,,,,,,,,0,,,,,,,,,,,
,9/28/21 14:10 712 NODE S CORE HJ,9/28/2021,14:10,South,712,Rivendell,Tree,Tree core,NODE,45.3,,,,,,,,0,,,,,,,,,,,
,9/28/21 14:12 712 NODE W CORE HJ,9/28/2021,14:12,West,712,Rivendell,Tree,Tree core,NODE,45.3,,,,,,,,0,,,,,,,,,,,
,9/28/21 14:15 712 NODE N CORE HJ,9/28/2021,14:15,North,712,Rivendell,Tree,Tree core,NODE,45.3,,,,,,,,0,,,,,,,,,,,
,9/28/21 14:17 712 NODE E CORE HJ,9/28/2021,14:17,East,712,Rivendell,Tree,Tree core,NODE,45.3,,,,,,,,0,,,,,,,,,,,
,9/28/21 14:25 713 QU S CORE HJ,9/28/2021,14:25,South,713,Rivendell,Tree,Tree core,QU,46.3,,,,,,,,0,,,,,,,,,,,
,9/28/21 14:28 713 QU W CORE HJ,9/28/2021,14:28,West,713,Rivendell,Tree,Tree core,QU,46.3,,,,,,,,0,,,,,,,,,,,
,9/28/21 14:30 713 QU N CORE HJ,9/28/2021,14:30,North,713,Rivendell,Tree,Tree core,QU,46.3,,,,,,,,0,,,,,,,,,,,
,9/28/21 14:33 713 QU E CORE HJ,9/28/2021,14:33,East,713,Rivendell,Tree,Tree core,QU,46.3,,,,,,,,0,,,,,,,,,,,
,9/28/21 14:37 710 PSME S CORE HJ,9/28/2021,14:37,South,710,Rivendell,Tree,Tree core,PSME,106.6,,,,,,,,0,,,,,,,,,,,
,9/28/21 14:40 710 PSME W CORE HJ,9/28/2021,14:40,West,710,Rivendell,Tree,Tree core,PSME,106.6,,,,,,,,0,,,,,,,,,,,
,9/28/21 14:42 710 PSME N CORE HJ,9/28/2021,14:42,North,710,Rivendell,Tree,Tree core,PSME,106.6,,,,,,,,0,,,,,,,,,,,
,9/28/21 14:44 710 PSME E CORE HJ,9/28/2021,14:44,East,710,Rivendell,Tree,Tree core,PSME,106.6,,,,,,,,0,,,,,,,,,,,
7284,10/16/21 14:47 714 PSME WEST HJ,10/16/2021,14:47,West,714,Rivendell,Tree,Tree core,PSME,59.2,,,,,Cen,5160,-2.5,0,1800,0,0,6.7149,6.7149,0,0,1.1509,0.5137,1.6646,No water first spin
7284,10/16/21 14:47 714 PSME WEST HJ,10/16/2021,14:47,West,714,Rivendell,Tree,Tree core,PSME,59.2,,,,,Cen,5160,-2.5,0,1800,1800,30,6.7149,6.7149,0,1,1.1509,0.5137,1.6646,No water first spin
7284,10/16/21 14:47 714 PSME WEST HJ,10/16/2021,14:47,West,714,Rivendell,Tree,Tree core,PSME,59.2,,,,,Cen,5160,-2.5,0,1800,3600,60,6.7186,6.7149,0.0037,2,1.1509,0.5137,1.6646,No water first spin
7284,10/16/21 14:47 714 PSME WEST HJ,10/16/2021,14:47,West,714,Rivendell,Tree,Tree core,PSME,59.2,,,,,Cen,5160,-2.5,0,1800,5400,90,6.7181,6.7149,0.0032,3,1.1509,0.5137,1.6646,No water first spin
7284,10/16/21 14:47 714 PSME WEST HJ,10/16/2021,14:47,West,714,Rivendell,Tree,Tree core,PSME,59.2,,,,,Cen,5160,-2.5,0,1800,7200,120,6.7213,6.7149,0.0064,4,1.1509,0.5137,1.6646,No water first spin
7284,10/16/21 14:47 714 PSME WEST HJ,10/16/2021,14:47,West,714,Rivendell,Tree,Tree core,PSME,59.2,,,,,Cen,5160,-2.5,0,1800,9000,150,6.7205,6.7149,0.0056,5,1.1509,0.5137,1.6646,No water first spin
7286,10/16/21 14:44 714 PSME SOUTH HJ,10/16/2021,14:44,South,714,Rivendell,Tree,Tree core,PSME,59.2,,,,,Cen,5160,-2.5,0,1800,0,0,6.7112,6.7112,0,0,1.1514,0.5423,1.6937,
7286,10/16/21 14:44 714 PSME SOUTH HJ,10/16/2021,14:44,South,714,Rivendell,Tree,Tree core,PSME,59.2,,,,,Cen,5160,-2.5,0,1800,1800,30,6.7115,6.7112,0.0003,1,1.1514,0.5423,1.6937,
7286,10/16/21 14:44 714 PSME SOUTH HJ,10/16/2021,14:44,South,714,Rivendell,Tree,Tree core,PSME,59.2,,,,,Cen,5160,-2.5,0,1800,3600,60,6.715,6.7112,0.0038,2,1.1514,0.5423,1.6937,
7286,10/16/21 14:44 714 PSME SOUTH HJ,10/16/2021,14:44,South,714,Rivendell,Tree,Tree core,PSME,59.2,,,,,Cen,5160,-2.5,0,1800,5400,90,6.7283,6.7112,0.0171,3,1.1514,0.5423,1.6937,
7286,10/16/21 14:44 714 PSME SOUTH HJ,10/16/2021,14:44,South,714,Rivendell,Tree,Tree core,PSME,59.2,,,,,Cen,5160,-2.5,0,1800,7200,120,6.7268,6.7112,0.0156,4,1.1514,0.5423,1.6937,
7286,10/16/21 14:44 714 PSME SOUTH HJ,10/16/2021,14:44,South,714,Rivendell,Tree,Tree core,PSME,59.2,,,,,Cen,5160,-2.5,0,1800,9000,150,6.7261,6.7112,0.0149,5,1.1514,0.5423,1.6937,
7293,15:47 710 10/16/21 PSME NORTH,10/16/2021,15:47,North,710,Rivendell,Tree,Tree core,PSME,106.6,,,,,Cen,5160,-2.5,0,1800,0,0,6.6967,6.6967,0,0,1.1663,0.6227,1.789,
7293,15:47 710 10/16/21 PSME NORTH,10/16/2021,15:47,North,710,Rivendell,Tree,Tree core,PSME,106.6,,,,,Cen,5160,-2.5,0,1800,1800,30,6.7665,6.6967,0.0698,1,1.1663,0.6227,1.789,
7293,15:47 710 10/16/21 PSME NORTH,10/16/2021,15:47,North,710,Rivendell,Tree,Tree core,PSME,106.6,,,,,Cen,5160,-2.5,0,1800,3600,60,6.7735,6.6967,0.0768,2,1.1663,0.6227,1.789,
7293,15:47 710 10/16/21 PSME NORTH,10/16/2021,15:47,North,710,Rivendell,Tree,Tree core,PSME,106.6,,,,,Cen,5160,-2.5,0,1800,5400,90,6.7803,6.6967,0.0836,3,1.1663,0.6227,1.789,
7293,15:47 710 10/16/21 PSME NORTH,10/16/2021,15:47,North,710,Rivendell,Tree,Tree core,PSME,106.6,,,,,Cen,5160,-2.5,0,1800,7200,120,6.7782,6.6967,0.0815,4,1.1663,0.6227,1.789,
7293,15:47 710 10/16/21 PSME NORTH,10/16/2021,15:47,North,710,Rivendell,Tree,Tree core,PSME,106.6,,,,,Cen,5160,-2.5,0,1800,9000,150,6.7802,6.6967,0.0835,5,1.1663,0.6227,1.789,
7298,16:29 10/16/21 PSME 619 SOUTH,10/16/2021,16:29,South,619,Rivendell,Tree,Tree core,PSME,101.8,,,,,Cen,5160,-2.5,0,1800,0,0,6.6279,6.6279,0,0,1.1065,0.7418,1.8483,Not enough water to be pipetted. Water also was viscous and thick. Clear color but was not runny.
7298,16:29 10/16/21 PSME 619 SOUTH,10/16/2021,16:29,South,619,Rivendell,Tree,Tree core,PSME,101.8,,,,,Cen,5160,-2.5,0,1800,1800,30,6.6453,6.6279,0.0174,1,1.1065,0.7418,1.8483,Not enough water to be pipetted. Water also was viscous and thick. Clear color but was not runny.
7298,16:29 10/16/21 PSME 619 SOUTH,10/16/2021,16:29,South,619,Rivendell,Tree,Tree core,PSME,101.8,,,,,Cen,5160,-2.5,0,1800,3600,60,6.6476,6.6279,0.0197,2,1.1065,0.7418,1.8483,Not enough water to be pipetted. Water also was viscous and thick. Clear color but was not runny.
7298,16:29 10/16/21 PSME 619 SOUTH,10/16/2021,16:29,South,619,Rivendell,Tree,Tree core,PSME,101.8,,,,,Cen,5160,-2.5,0,1800,5400,90,6.6528,6.6279,0.0249,3,1.1065,0.7418,1.8483,Not enough water to be pipetted. Water also was viscous and thick. Clear color but was not runny.
7298,16:29 10/16/21 PSME 619 SOUTH,10/16/2021,16:29,South,619,Rivendell,Tree,Tree core,PSME,101.8,,,,,Cen,5160,-2.5,0,1800,7200,120,6.6581,6.6279,0.0302,4,1.1065,0.7418,1.8483,Not enough water to be pipetted. Water also was viscous and thick. Clear color but was not runny.
7298,16:29 10/16/21 PSME 619 SOUTH,10/16/2021,16:29,South,619,Rivendell,Tree,Tree core,PSME,101.8,,,,,Cen,5160,-2.5,0,1800,9000,150,6.6581,6.6279,0.0302,5,1.1065,0.7418,1.8483,Not enough water to be pipetted. Water also was viscous and thick. Clear color but was not runny.
,10/16/21 14:14 715 QU EAST HJ,10/16/2021,14:14,East,715,Rivendell,Tree,Tree core,QU,26.3,,,,,,,,0,,,,,,,,,,,
,10/16/21 14:19 715 QU West HJ,10/16/2021,14:19,West,715,Rivendell,Tree,Tree core,QU,26.3,,,,,,,,0,,,,,,,,,,,
,10/16/21 14:24 715 QU NORTH HJ,10/16/2021,14:24,North,715,Rivendell,Tree,Tree core,QU,26.3,,,,,,,,0,,,,,,,,,,,
,14:24 10/16/21 QU 715 SOUTH,10/16/2021,14:24,South,715,Rivendell,Tree,Tree core,QU,26.3,,,,,,,,0,,,,,,,,,,,
,10/16/21 14:30 711 NODE EAST CORE,10/16/2021,14:30,East,711,Rivendell,Tree,Tree core,NODE,32.6,,,,,,,,0,,,,,,,,,,,
,10/16/21 14:31 711 NODE SOUTH,10/16/2021,14:31,South,711,Rivendell,Tree,Tree core,NODE,32.6,,,,,,,,0,,,,,,,,,,,
,711 10/16/21 14:33 NORTH HJ,10/16/2021,14:33,North,711,Rivendell,Tree,Tree core,NODE,32.6,,,,,,,,0,,,,,,,,,,,
,14:35 10/16/21 711 WEST NODE,10/16/2021,14:35,West,711,Rivendell,Tree,Tree core,NODE,32.6,,,,,,,,0,,,,,,,,,,,
,10/16/21 14:56 713 QU SOUTH HJ,10/16/2021,14:56,South,713,Rivendell,Tree,Tree core,QU,46.3,,,,,,,,0,,,,,,,,,,,
,14:59 10/16/21 EAST QU 713,10/16/2021,14:59,East,713,Rivendell,Tree,Tree core,QU,46.3,,,,,,,,0,,,,,,,,,,,
,10/16/21 15:01 713 QU EAST HJ,10/16/2021,15:01,East,713,Rivendell,Tree,Tree core,QU,46.3,,,,,,,,0,,,,,,,,,,,
,15:03 10/16/21 713 NORTH QU,10/16/2021,15:03,North,713,Rivendell,Tree,Tree core,QU,46.3,,,,,,,,0,,,,,,,,,,,
,10/16/21 15:08 712 Node South HJ,10/16/2021,15:08,South,712,Rivendell,Tree,Tree core,NODE,45.3,,,,,,,,0,,,,,,,,,,,
,15:09 10/16/21 712 NODE EAST,10/16/2021,15:09,East,712,Rivendell,Tree,Tree core,NODE,45.3,,,,,,,,0,,,,,,,,,,,
,10/16/21 15:11 712 NODE WEST HJ,10/16/2021,15:11,West,712,Rivendell,Tree,Tree core,NODE,45.3,,,,,,,,0,,,,,,,,,,,
,15:15 10/16/21 712 Node North,10/16/2021,15:15,North,712,Rivendell,Tree,Tree core,NODE,45.3,,,,,,,,0,,,,,,,,,,,
,15:24 64 NORTH PSME 10/16/21,10/16/2021,15:24,North,64,Rivendell,Tree,Tree core,PSME,70.7,,,,,,5150,-2.5,0,,120,,,,,,,,,
,1/30/22 15:54 715 HJ QU East core,1/30/2022,15:54,East,715,Rivendell,Tree,Tree core,QU,26.3,,,,,,,,0,,,,,,,,,,,
,1/30/22 15:58 715 HJ QU South core,1/30/2022,15:58,South,715,Rivendell,Tree,Tree core,QU,26.3,,,,,,,,0,,,,,,,,,,,
,1/30/22 16:01 715 HJ QU West core,1/30/2022,16:01,West,715,Rivendell,Tree,Tree core,QU,26.3,,,,,,,,0,,,,,,,,,,,
,1/30/22 16:05 715 HJ QU North core,1/30/2022,16:05,North,715,Rivendell,Tree,Tree core,QU,26.3,,,,,,,,0,,,,,,,,,,,
,1/30/22 16:11 711 HJ NODE East core,1/30/2022,16:11,East,711,Rivendell,Tree,Tree core,NODE,32.6,,,,,,,,0,,,,,,,,,,,
,1/30/22 16:15 711 HJ NODE SOUTH core,1/30/2022,16:15,South,711,Rivendell,Tree,Tree core,NODE,32.6,,,,,,,,0,,,,,,,,,,,
,1/30/22 16:21 711 HJ NODE WEST core,1/30/2022,16:21,West,711,Rivendell,Tree,Tree core,NODE,32.6,,,,,,,,0,,,,,,,,,,,
,1/30/22 16:25 711 HJ NODE NORTH core,1/30/2022,16:25,North,711,Rivendell,Tree,Tree core,NODE,32.6,,,,,,,,0,,,,,,,,,,,
,1/30/22 16:33 714 HJ PSME EAST core,1/30/2022,16:33,East,714,Rivendell,Tree,Tree core,PSME,59.2,,,,,,,,0,,,,,,,,,,,
,1/30/22 16:36 714 HJ PSME SOUTH core,1/30/2022,16:36,South,714,Rivendell,Tree,Tree core,PSME,59.2,,,,,,,,0,,,,,,,,,,,
,1/30/22 16:39 714 HJ PSME WEST CORE,1/30/2022,16:39,West,714,Rivendell,Tree,Tree core,PSME,59.2,,,,,,,,0,,,,,,,,,,,
,1/30/22 16:43 714 HJ PSME NORTH core,1/30/2022,16:43,North,714,Rivendell,Tree,Tree core,PSME,59.2,,,,,,,,0,,,,,,,,,,,
,1/31/22 8:40 713 HJ QU SOUTH CORE ,1/31/2022,8:40,South,713,Rivendell,Tree,Tree core,QU,46.3,,,,,,,,0,,,,,,,,,,,
,1/31/22 8:42 713 HJ QU EAST CORE,1/31/2022,8:42,East,713,Rivendell,Tree,Tree core,QU,46.3,,,,,,,,0,,,,,,,,,,,
,1/31/22 8:46 713 HJ QU WEST CORE,1/31/2022,8:46,West,713,Rivendell,Tree,Tree core,QU,46.3,,,,,,,,0,,,,,,,,,,,
,1/31/22 8:49 713 QU HJ NORTH CORE,1/31/2022,8:49,North,713,Rivendell,Tree,Tree core,QU,46.3,,,,,,,,0,,,,,,,,,,,
,1/31/22 9:02 712 HJ NODE WEST CORE ,1/31/2022,9:02,West,712,Rivendell,Tree,Tree core,NODE,45.3,,,,,,,,0,,,,,,,,,,,
,1/31/22 9:05 712 HJ NODE EAST CORE,1/31/2022,9:05,East,712,Rivendell,Tree,Tree core,NODE,45.3,,,,,,,,0,,,,,,,,,,,
,1/31/22 9:08 712 HJ NODE NORTH CORE,1/31/2022,9:08,North,712,Rivendell,Tree,Tree core,NODE,45.3,,,,,,,,0,,,,,,,,,,,
,1/31/22 9:20 64 HJ PSME WEST CORE,1/31/2022,9:20,West,64,Rivendell,Tree,Tree core,PSME,70.7,,,,,,,,0,,,,,,,,,,,
,1/31/22 9:25 64 HJ PSME NORTH CORE,1/31/2022,9:25,North,64,Rivendell,Tree,Tree core,PSME,70.7,,,,,,,,0,,,,,,,,,,,
,1/31/22 9:38 700 HJ PSME SOUTH CORE,1/31/2022,9:38,South,700,Rivendell,Tree,Tree core,PSME,112.8,,,,,,,,0,,,,,,,,,,,
,1/31/22 9:40 700 HJ PSME EAST CORE,1/31/2022,9:40,East,700,Rivendell,Tree,Tree core,PSME,112.8,,,,,,,,0,,,,,,,,,,,
,1/31/22 9:42 700 HJ PSME WEST CORE,1/31/2022,9:42,West,700,Rivendell,Tree,Tree core,PSME,112.8,,,,,,,,0,,,,,,,,,,,
,1/31/22 9:44 700 HJ PSME NORTH CORE,1/31/2022,9:44,North,700,Rivendell,Tree,Tree core,PSME,112.8,,,,,,,,0,,,,,,,,,,,
,1/31/22 9:54 710 HJ PSME EAST CORE,1/31/2022,9:54,East,710,Rivendell,Tree,Tree core,PSME,106.6,,,,,,,,0,,,,,,,,,,,
,1/31/22 9:54 710 HJ PSME SOUTH CORE,1/31/2022,9:54,South,710,Rivendell,Tree,Tree core,PSME,106.6,,,,,,,,0,,,,,,,,,,,
,1/31/22 9:58 710 HJ PSME WEST CORE ,1/31/2022,9:58,West,710,Rivendell,Tree,Tree core,PSME,106.6,,,,,,,,0,,,,,,,,,,,
,1/31/22 10:17 619 HJ PSME EAST CORE,1/31/2022,10:17,East,619,Rivendell,Tree,Tree core,PSME,101.8,,,,,,,,0,,,,,,,,,,,
,1/31/22 10:17 619 HJ PSME SOUTH CORE,1/31/2022,10:17,South,619,Rivendell,Tree,Tree core,PSME,101.8,,,,,,,,0,,,,,,,,,,,
,1/31/22 10:20 619 HJ PSME NORTH CORE,1/31/2022,10:20,North,619,Rivendell,Tree,Tree core,PSME,101.8,,,,,,,,0,,,,,,,,,,,
,1/31/22 10:21 619 HJ PSME WEST CORE,1/31/2022,10:21,West,619,Rivendell,Tree,Tree core,PSME,101.8,,,,,,,,0,,,,,,,,,,,
,1/31/22 64 HJ PSME EAST CORE,1/31/2022,,East,64,Rivendell,Tree,Tree core,PSME,70.7,,,,,,,,0,,,,,,,,,,,
,1/31/22 710 HJ PSME NORTH CORE,1/31/2022,,North,710,Rivendell,Tree,Tree core,PSME,106.6,,,,,,,,0,,,,,,,,,,,
,1/31/22 712 HJ NODE SOUTH CORE,1/31/2022,,South,712,Rivendell,Tree,Tree core,NODE,45.3,,,,,,,,0,,,,,,,,,,,
,1/31/22 64 HJ PSME SOUTH CORE,1/31/2022,,South,64,Rivendell,Tree,Tree core,PSME,70.7,,,,,,,,0,,,,,,,,,,,
,3/1/22 13:06 715 HJ QU EAST CORE,3/1/2022,13:06,East,715,Rivendell,Tree,Tree core,QU,26.3,,,,,,,,0,,,,,,,,,,,
,3/1/22 13:09 715 HJ QU SOUTH CORE,3/1/2022,13:09,South,715,Rivendell,Tree,Tree core,QU,26.3,,,,,,,,0,,,,,,,,,,,
,3/1/22 13:12 715 HJ QU WEST CORE,3/1/2022,13:12,West,715,Rivendell,Tree,Tree core,QU,26.3,,,,,,,,0,,,,,,,,,,,
,3/1/22 13:15 715 HJ QU NORTH CORE,3/1/2022,13:15,North,715,Rivendell,Tree,Tree core,QU,26.3,,,,,,,,0,,,,,,,,,,,
,3/1/22 13:20 711 HJ NODE EAST CORE,3/1/2022,13:20,East,711,Rivendell,Tree,Tree core,NODE,32.6,,,,,,,,0,,,,,,,,,,,
,3/1/22 13:23 711 HJ NODE SOUTH CORE,3/1/2022,13:23,South,711,Rivendell,Tree,Tree core,NODE,32.6,,,,,,,,0,,,,,,,,,,,
,3/1/22 13:26 711 HJ NODE WEST CORE,3/1/2022,13:26,West,711,Rivendell,Tree,Tree core,NODE,32.6,,,,,,,,0,,,,,,,,,,,
,3/1/22 13:28 711 HJ NODE NORTH CORE,3/1/2022,13:28,North,711,Rivendell,Tree,Tree core,NODE,32.6,,,,,,,,0,,,,,,,,,,,
,3/1/22 13:35 714 HJ PSME EAST CORE,3/1/2022,13:35,East,714,Rivendell,Tree,Tree core,PSME,59.2,,,,,,,,0,,,,,,,,,,,
,3/1/22 13:38 714 HJ PSME SOUTH CORE,3/1/2022,13:38,South,714,Rivendell,Tree,Tree core,PSME,59.2,,,,,,,,0,,,,,,,,,,,
,3/1/22 13:41 714 HJ PSME WEST CORE,3/1/2022,13:41,West,714,Rivendell,Tree,Tree core,PSME,59.2,,,,,,,,0,,,,,,,,,,,
,3/1/22 13:43 714 HJ PSME NORTH CORE,3/1/2022,13:43,North,714,Rivendell,Tree,Tree core,PSME,59.2,,,,,,,,0,,,,,,,,,,,
,3/1/22 13:50 713 HJ QU EAST CORE,3/1/2022,13:50,East,713,Rivendell,Tree,Tree core,QU,46.3,,,,,,,,0,,,,,,,,,,,
,3/1/22 13:53 713 HJ QU SOUTH CORE,3/1/2022,13:53,South,713,Rivendell,Tree,Tree core,QU,46.3,,,,,,,,0,,,,,,,,,,,
,3/1/22 13:56 713 HJ QU WEST CORE,3/1/2022,13:56,West,713,Rivendell,Tree,Tree core,QU,46.3,,,,,,,,0,,,,,,,,,,,
,3/1/22 13:58 713 HJ QU NORTH CORE,3/1/2022,13:58,North,713,Rivendell,Tree,Tree core,QU,46.3,,,,,,,,0,,,,,,,,,,,
,3/1/22 14:04 712 HJ NODE EAST CORE,3/1/2022,14:04,East,712,Rivendell,Tree,Tree core,NODE,45.3,,,,,,,,0,,,,,,,,,,,
,3/1/22 14:07 712 HJ NODE SOUTH CORE,3/1/2022,14:07,South,712,Rivendell,Tree,Tree core,NODE,45.3,,,,,,,,0,,,,,,,,,,,
,3/1/22 14:10 712 HJ NODE WEST CORE,3/1/2022,14:10,West,712,Rivendell,Tree,Tree core,NODE,45.3,,,,,,,,0,,,,,,,,,,,
,3/1/22 14:12 712 HJ NODE NORTH CORE,3/1/2022,14:12,North,712,Rivendell,Tree,Tree core,NODE,45.3,,,,,,,,0,,,,,,,,,,,
,3/1/22 14:20 64 HJ PSME EAST CORE,3/1/2022,14:20,East,64,Rivendell,Tree,Tree core,PSME,70.7,,,,,,,,0,,,,,,,,,,,
,3/1/22 14:18 64 HJ PSME SOUTH CORE,3/1/2022,14:18,South,64,Rivendell,Tree,Tree core,PSME,70.7,,,,,,,,0,,,,,,,,,,,
,3/1/22 14:22 64 HJ PSME WEST CORE,3/1/2022,14:22,West,64,Rivendell,Tree,Tree core,PSME,70.7,,,,,,,,0,,,,,,,,,,,
,3/1/22 14:24 64 HJ PSME NORTH CORE,3/1/2022,14:24,North,64,Rivendell,Tree,Tree core,PSME,70.7,,,,,,,,0,,,,,,,,,,,
,3/1/22 14:32 700 HJ PSME EAST CORE,3/1/2022,14:32,East,700,Rivendell,Tree,Tree core,PSME,112.8,,,,,,,,0,,,,,,,,,,,
,3/1/22 14:31 700 HJ PSME SOUTH CORE,3/1/2022,14:31,South,700,Rivendell,Tree,Tree core,PSME,112.8,,,,,,,,0,,,,,,,,,,,
,3/1/22 14:34 700 HJ PSME WEST CORE,3/1/2022,14:34,West,700,Rivendell,Tree,Tree core,PSME,112.8,,,,,,,,0,,,,,,,,,,,
,3/1/22 14:36 700 HJ PSME NORTH CORE,3/1/2022,14:36,North,700,Rivendell,Tree,Tree core,PSME,112.8,,,,,,,,0,,,,,,,,,,,
,3/1/22 14:45 710 HJ PSME EAST CORE,3/1/2022,14:45,East,710,Rivendell,Tree,Tree core,PSME,106.6,,,,,,,,0,,,,,,,,,,,
,3/1/22 14:43 710 HJ PSME SOUTH CORE,3/1/2022,14:43,South,710,Rivendell,Tree,Tree core,PSME,106.6,,,,,,,,0,,,,,,,,,,,
,3/1/22 14:46 710 HJ PSME WEST CORE,3/1/2022,14:46,West,710,Rivendell,Tree,Tree core,PSME,106.6,,,,,,,,0,,,,,,,,,,,
,3/1/22 14:50 710 HJ PSME NORTH CORE,3/1/2022,14:50,North,710,Rivendell,Tree,Tree core,PSME,106.6,,,,,,,,0,,,,,,,,,,,
,3/1/22 14:59 619 HJ PSME EAST CORE,3/1/2022,14:59,East,619,Rivendell,Tree,Tree core,PSME,101.8,,,,,,,,0,,,,,,,,,,,
,3/1/22 14:58 619 HJ PSME SOUTH CORE,3/1/2022,14:58,South,619,Rivendell,Tree,Tree core,PSME,101.8,,,,,,,,0,,,,,,,,,,,
,3/1/22 15:03 619 HJ PSME WEST CORE,3/1/2022,15:03,West,619,Rivendell,Tree,Tree core,PSME,101.8,,,,,,,,0,,,,,,,,,,,
,3/1/22 15:04 619 HJ PSME NORTH CORE,3/1/2022,15:04,North,619,Rivendell,Tree,Tree core,PSME,101.8,,,,,,,,0,,,,,,,,,,,
7416,PSME 676 03/18/2022 16:04 SHALLOW/NEW/COOL,3/18/2022,16:04,,676,Rivendell,Tree ,Tree core,PSME,,,-27,,-1.16,Cen,9500,,1,0,,,,,,,,,,
7405,PSME 84 03/18/2022 16:29 SHALLOW/OLD/COOL,3/18/2022,16:29,,84,Rivendell,Tree ,Tree core,PSME,,,-51.8,,-2.48,CenCryo,5150,,1,0,,,,,,,,,,
7410,PSME 676 03/18/2022 16:13 DEEP/OLD,3/18/2022,16:13,,676,Rivendell,Tree ,Tree core,PSME,,,-65.6,,-4.02,CenCryo,5150,,0,0,,,,,,,,,,
7403,PSME 84 03/18/2022 16:29 DEEP,3/18/2022,16:29,,84,Rivendell,Tree ,Tree core,PSME,,,-65.2,,-4.08,Cryo,,,0,0,,,,,,,,,,
7409,PSME 84 03/18/2022 16:37 SHALLOW/NEW/COOL,3/18/2022,16:37,,84,Rivendell,Tree ,Tree core,PSME,,,-31.4,,-4.73,Cen,9500,,1,0,,,,,,,,,,
7416,PSME 676 03/18/2022 16:04 SHALLOW/NEW/COOL,3/18/2022,16:04,,676,Rivendell,Tree ,Tree core,PSME,,,-56.2,,-4.83,CenCryo,9500,,1,0,,,,,,,,,,
7425,PSME 676 03/18/2022 15:54 SHALLOW/NEW/COOL,3/18/2022,15:42,,676,Rivendell,Tree ,Tree core,PSME,,,-4.2,,-4.87,Cen,9500,,1,0,,,,,,,,,,
7415,PSME 676 03/18/2022 16:04 DEEP/NEW/COOL,3/18/2022,16:04,,676,Rivendell,Tree ,Tree core,PSME,,,-67.5,,-5.48,CenCryo,9500,,1,0,,,,,,,,,,
7408,PSME 84 03/18/2022 16:37 SHALLOW/NEW,3/18/2022,16:37,,84,Rivendell,Tree ,Tree core,PSME,,,-33.9,,-5.97,Cen,9500,,0,0,,,,,,,,,,
7425,PSME 676 03/18/2022 15:54 SHALLOW/NEW/COOL,3/18/2022,15:42,,676,Rivendell,Tree ,Tree core,PSME,,,-35.7,,-5.98,CenCryo,9500,,1,0,,,,,,,,,,
7421,PSME 676 03/18/2022 15:42 DEEP/OLD/COOL,3/18/2022,15:42,,676,Rivendell,Tree ,Tree core,PSME,,,-67.5,,-6.14,CenCryo,5150,,1,0,,,,,,,,,,
7403,PSME 84 03/18/2022 16:29 DEEP /OLD/EAST,3/18/2022,16:29,,84,Rivendell,Tree ,Tree core,PSME,,,-71.2,,-6.22,CenCryo,5150,,0,0,,,,,,,,,,
7409,PSME 84 03/18/2022 16:37 SHALLOW/NEW/COOL,3/18/2022,16:37,,84,Rivendell,Tree ,Tree core,PSME,,,-56.4,,-6.38,CenCryo,9500,,1,0,,,,,,,,,,
7407,PSME 84 03/18/2022 16:29 SHALLOW ,3/18/2022,16:29,,84,Rivendell,Tree ,Tree core,PSME,,,-62.9,,-6.43,Cryo,,,0,0,,,,,,,,,,
7406,PSME 84 03/18/2022 16:37 DEEP ,3/18/2022,16:37,,84,Rivendell,Tree ,Tree core,PSME,,,-80.1,,-6.51,Cryo,,,0,0,,,,,,,,,,
7404,PSME 84 03/18/2022 16:29 SHALLOW /OLD,3/18/2022,16:29,,84,Rivendell,Tree ,Tree core,PSME,,,-56.3,,-6.55,CenCryo,5150,,0,0,,,,,,,,,,
7418,PSME 676 03/18/2022 16:04 DEEP/NEW,3/18/2022,16:04,,676,Rivendell,Tree ,Tree core,PSME,,,-68.4,,-6.55,Cryo,,,0,0,,,,,,,,,,
7420,PSME 676 03/18/2022 15:42 SHALLOW/OLD,3/18/2022,15:42,,676,Rivendell,Tree ,Tree core,PSME,,,-62.4,,-6.6,CenCryo,5150,,0,0,,,,,,,,,,
7414,PSME 676 03/18/2022 16:13 SHALLOW,3/18/2022,16:13,,676,Rivendell,Tree ,Tree core,PSME,,,-62,,-6.62,Cryo,,,0,0,,,,,,,,,,
7417,PSME 676 03/18/2022 16:04 SHALLOW/NEW,3/18/2022,16:04,,676,Rivendell,Tree ,Tree core,PSME,,,-60.6,,-6.65,CenCryo,9500,,0,0,,,,,,,,,,
7419,PSME 676 03/18/2022 15:42 DEEP,3/18/2022,15:42,,676,Rivendell,Tree ,Tree core,PSME,,,-69,,-6.65,Cryo,,,0,0,,,,,,,,,,
7412,PSME 676 03/18/2022 16:13 SHALLOW/OLD/COOL,3/18/2022,16:13,,676,Rivendell,Tree ,Tree core,PSME,,,-65.8,,-6.69,CenCryo,5150,,1,0,,,,,,,,,,
7419,PSME 676 03/18/2022 15:42 DEEP/OLD,3/18/2022,15:42,,676,Rivendell,Tree ,Tree core,PSME,,,-73.9,,-6.78,CenCryo,5150,,0,0,,,,,,,,,,
7418,PSME 676 03/18/2022 16:04 DEEP/NEW,3/18/2022,16:04,,676,Rivendell,Tree ,Tree core,PSME,,,-66,,-6.8,CenCryo,9500,,0,0,,,,,,,,,,
7420,PSME 676 03/18/2022 15:42 SHALLOW,3/18/2022,15:42,,676,Rivendell,Tree ,Tree core,PSME,,,-56.5,,-6.82,Cryo,,,0,0,,,,,,,,,,
7422,PSME 676 03/18/2022 15:42 SHALLOW/OLD/COOL,3/18/2022,15:42,,676,Rivendell,Tree ,Tree core,PSME,,,-67.1,,-6.99,CenCryo,,,1,0,,,,,,,,,,
7423,PSME 676 03/18/2022 15:54 DEEP,3/18/2022,15:42,,676,Rivendell,Tree ,Tree core,PSME,,,-71.6,,-7.14,Cryo,9500,,0,0,,,,,,,,,,
7416,PSME 676 03/18/2022 16:04 SHALLOW,3/18/2022,16:04,,676,Rivendell,Tree ,Tree core,PSME,,,-66.3,,-7.31,Cryo,,,0,0,,,,,,,,,,
7408,PSME 84 03/18/2022 16:37 SHALLOW/NEW,3/18/2022,16:37,,84,Rivendell,Tree ,Tree core,PSME,,,-62.6,,-7.44,CenCryo,9500,,0,0,,,,,,,,,,
7422,PSME 676 03/18/2022 15:54 DEEP/NEW,3/18/2022,15:42,,676,Rivendell,Tree ,Tree core,PSME,,,-69.3,,-7.55,CenCryo,5150,,0,0,,,,,,,,,,
7403,PSME 84 03/18/2022 16:29 DEEP/OLD/EAST,3/18/2022,16:29,,84,Rivendell,Tree ,Tree core,PSME,,,-56.9,,-7.97,CenCryo,5150,,0,0,,,,,,,,,,
7413,PSME 676 03/18/2022 16:13 DEEP,3/18/2022,16:13,,676,Rivendell,Tree ,Tree core,PSME,,,-73.1,,-8.27,Cryo,,,0,0,,,,,,,,,,
7411,PSME 676 03/18/2022 16:13 SHALLOW/OLD,3/18/2022,16:13,,676,Rivendell,Tree ,Tree core,PSME,,,-72.1,,-9.46,CenCryo,5150,,0,0,,,,,,,,,,
7409,PSME 84 03/18/2022 16:37 SHALLOW,3/18/2022,16:37,,84,Rivendell,Tree ,Tree core,PSME,,,-74.4,,-10.2,Cryo,,,0,0,,,,,,,,,,
7424,PSME 676 03/18/2022 15:54 SHALLOW/NEW,3/18/2022,15:42,,676,Rivendell,Tree ,Tree core,PSME,,,-48,,-10.67,Cen,9500,,1,0,,,,,,,,,,
7424,PSME 676 03/18/2022 15:54 SHALLOW/NEW,3/18/2022,15:42,,676,Rivendell,Tree ,Tree core,PSME,,,-79.1,,-11.14,CenCryo,9500,,0,0,,,,,,,,,,
7432,PSME 700 03/30/2022 16:06 NEW/COOL,3/30/2022,16:06,East,700,Rivendell,Tree ,Tree core,PSME,,,-15.3,,-4.09,Cen,9500,,1,0,,,,,,,,,,
7433,PSME 700 03/30/2022 16:24 NEW/COOL,3/30/2022,16:24,West,700,Rivendell,Tree ,Tree core,PSME,,,-16.6,,-5.5,Cen,9500,,1,0,,,,,,,,,,
7431,PSME 700 03/30/2022 16:29 NEW/COOL,3/30/2022,16:29,South,700,Rivendell,Tree ,Tree core,PSME,,,-29.3,,-6.21,Cen,9500,,1,0,,,,,,,,,,
7432,PSME 700 03/30/2022 16:06 NEW/COOL,3/30/2022,16:06,East,700,Rivendell,Tree ,Tree core,PSME,,,-35.2,,-6.39,Cryo,,,0,0,,,,,,,,,,
7430,PSME 700 03/30/2022 16:10 NEW/COOL,3/30/2022,16:10,North,700,Rivendell,Tree ,Tree core,PSME,,,-63.1,,-6.51,Cryo,,,0,0,,,,,,,,,,
7433,PSME 700 03/30/2022 16:24 NEW/COOL,3/30/2022,16:24,West,700,Rivendell,Tree ,Tree core,PSME,,,-44.6,,-6.56,CenCryo,9500,,1,0,,,,,,,,,,
7431,PSME 700 03/30/2022 16:29 NEW/COOL,3/30/2022,16:29,South,700,Rivendell,Tree ,Tree core,PSME,,,-44.7,,-6.64,Cryo,,,0,0,,,,,,,,,,
7432,PSME 700 03/30/2022 16:06 NEW/COOL,3/30/2022,16:06,East,700,Rivendell,Tree ,Tree core,PSME,,,-45,,-6.77,CenCryo,9500,,1,0,,,,,,,,,,
7431,PSME 700 03/30/2022 16:29 NEW/COOL,3/30/2022,16:29,South,700,Rivendell,Tree ,Tree core,PSME,,,-58.2,,-6.77,CenCryo,9500,,1,0,,,,,,,,,,
7433,PSME 700 03/30/2022 16:24 NEW/COOL,3/30/2022,16:24,West,700,Rivendell,Tree ,Tree core,PSME,,,-44,,-7,Cryo,,,0,0,,,,,,,,,,
7430,PSME 700 03/30/2022 16:10 NEW/COOL,3/30/2022,16:10,North,700,Rivendell,Tree ,Tree core,PSME,,,-70,,-7.04,CenCryo,9500,,1,0,,,,,,,,,,
7430,PSME 700 03/30/2022 16:10 NEW/COOL,3/30/2022,16:10,North,700,Rivendell,Tree ,Tree core,PSME,,,-55.7,,-23.38,Cen,9500,,1,1,,,,,,,,,,
7428,PSME CONGER RD 03/31/2022 15:15 NEW/COOL,3/31/2022,15:15,,,CONGER RD,Tree ,Tree core,PSME,,,-28.5,,-5.88,Cen,9500,,1,0,,,,,,,,,,
7429,PSME CONGER RD 03/31/2022 15:30 NEW/COOL,3/31/2022,15:30,,,CONGER RD,Tree ,Tree core,PSME,,,-61.2,,-6.24,CenCryo,9500,,1,0,,,,,,,,,,
7426,PSME CONGER RD 03/31/2022 15:02 NEW/COOL,3/31/2022,15:02,,,CONGER RD,Tree ,Tree core,PSME,,,-40.5,,-6.37,CenCryo,9500,,0,0,,,,,,,,,,
7429,PSME CONGER RD 03/31/2022 15:30 NEW/COOL,3/31/2022,15:30,,,CONGER RD,Tree ,Tree core,PSME,,,-29.8,,-6.83,Cen,9500,,1,0,,,,,,,,,,
7429,PSME CONGER RD 03/31/2022 15:30,3/31/2022,15:30,,,CONGER RD,Tree ,Tree core,PSME,,,-54.8,,-6.85,Cryo,,,0,0,,,,,,,,,,
7428,PSME CONGER RD 03/31/2022 15:15 NEW/COOL,3/31/2022,15:15,,,CONGER RD,Tree ,Tree core,PSME,,,-54.1,,-6.9,CenCryo,9500,,1,0,,,,,,,,,,
7427,PSME CONGER RD 03/31/2022 15:10,3/31/2022,15:10,,,CONGER RD,Tree ,Tree core,PSME,,,-51.7,,-7.17,Cryo,,,0,0,,,,,,,,,,
7427,PSME CONGER RD 03/31/2022 15:10 NEW/COOL,3/31/2022,15:10,,,CONGER RD,Tree ,Tree core,PSME,,,-56.5,,-7.41,CenCryo,9500,,1,0,,,,,,,,,,
7427,PSME CONGER RD 03/31/2022 15:10 NEW/COOL,3/31/2022,15:10,,,CONGER RD,Tree ,Tree core,PSME,,,-11.7,,-9.48,Cen,9500,,1,0,,,,,,,,,,
7426,PSME CONGER RD 03/31/2022 15:02,3/31/2022,15:02,,,CONGER RD,Tree ,Tree core,PSME,,,-50.7,,-9.67,Cryo,,,1,0,,,,,,,,,,
7426,PSME CONGER RD 03/31/2022 15:02 NEW/COOL,3/31/2022,15:02,,,CONGER RD,Tree ,Tree core,PSME,,,-7.6,,-12.2,Cen,9500,,1,1,,,,,,,,,,
